brand,product_name,ingredients
LA MER,Crème de la Mer,Algae (Seaweed) Extract,Mineral Oil/Paraffinum Liquidum/Huile Minerale,Petrolatum,Glycerin,Isohexadecane,Microcrystalline Wax/Cera Microcristallina/Cire Microcristalline,Lanolin Alcohol,Citrus Aurantifolia (Lime) Extract,Sesamum Indicum (Sesame) Seed Oil,Eucalyptus Globulus (Eucalyptus) Leaf Oil,Sesamum Indicum (Sesame) Seed Powder,Medicago Sativa (Alfalfa) Seed Powder,Helianthus Annuus (Sunflower) Seedcake,Prunus Amygdalus Dulcis (Sweet Almond) Seed Meal,Sodium Gluconate,Copper Gluconate,Calcium Gluconate,Magnesium Gluconate,Zinc Gluconate,Magnesium Sulfate,Paraffin,Tocopheryl Succinate,Niacin,Water,Beta-Carotene,Decyl Oleate,Aluminum Distearate,Octyldodecanol,Citric Acid,Cyanocobalamin,Magnesium Stearate,Panthenol,Limonene,Geraniol,Linalool,Hydroxycitronellal,Citronellol,Benzyl Salicylate,Citral,Sodium Benzoate,Alcohol Denat,Fragrance
LA MER,The Moisturizing Soft Cream,Algae (Seaweed) Extract,Cyclopentasiloxane,Petrolatum,Glyceryl Distearate,Phenyl Trimethicone,Butylene Glycol,Hydrogenated Vegetable Oil,Cholesterol,Shea Butter,Steareth-10,Dimethicone,Glyceryl Stearate Se,Polysilicone-11,Sesamum Indicum (Sesame) Seed Oil,Medicago Sativa (Alfalfa) Seed Powder,Helianthus Annuus (Sunflower) Seedcake,Prunus Amygdalus Dulcis (Sweet Almond) Seed Meal,Eucalyptus Globulus (Eucalyptus) Leaf Oil,Sodium Gluconate,Copper Gluconate,Calcium Gluconate,Magnesium Gluconate,Zinc Gluconate,Tocopheryl Succinate,Niacin,Sesamum Indicum (Sesame) Seed Powder,Water,Citrus Aurantifolia (Lime) Peel Extract,Laminaria Digitata Extract,Crithmum Maritimum Extract,Salicornia Herbacea Extract,Plankton Extract,Chlorella Vulgaris Extract,Glycine Soja (Soybean) Seed Extract,Glycerin,Caffeine,Sea Salt/Maris Sal/Sel Marin,Micrococcus Lysate,Diethylhexyl Succinate,Adenosine Phosphate,Creatine,Hydrolyzed Algin,Isocetyl Stearoyl Stearate,Cetyl Alcohol,Sucrose,Acetyl Hexapeptide-8,Glucose Oxidase,Polyacrylamide,Acetyl Carnitine Hcl,Glucose,Caprylic/Capric Triglyceride,C13-14 Isoparaffin,Tocopheryl Acetate,Tetrahexyldecyl Ascorbate,Sodium Pca,Glycosaminoglycans,Urea,Distearyldimonium Chloride,Dipalmitoyl Hydroxyproline,Sodium Hyaluronate,Laureth-7,Lecithin,Trehalose,Polyquaternium-51,Lactoperoxidase,Hydroxypropyl Cyclodextrin,Cyanocobalamin,Pentylene Glycol,Fragrance,Disodium Edta,Bht,Citronellol,Hydroxycitronellal,Geraniol,Linalool,Limonene,Potassium Sorbate,Phenoxyethanol
LA MER,The Concentrate,Cyclopentasiloxane,Algae (Seaweed) Extract,Glycerin,Dimethicone,Polysilicone-11,Isononyl Isononanoate,Dimethicone/Peg-10/15 Crosspolymer,Sesamum Indicum (Sesame) Seed Oil,Medicago Sativa (Alfalfa) Seed Powder,Helianthus Annuus (Sunflower) Seedcake,Prunus Amygdalus Dulcis (Sweet Almond) Seed Meal,Eucalyptus Globulus (Eucalyptus) Leaf Oil,Sodium Gluconate,Copper Gluconate,Calcium Gluconate,Magnesium Gluconate,Zinc Gluconate,Tocopheryl Succinate,Niacin,Sesamum Indicum (Sesame) Seed Powder,Water,Dimethicone Crosspolymer,Helichrysum Arenarium (Everlasting) Extract,Laminaria Ochroleuca Extract,Triticum Vulgare (Wheat) Flour Lipids,Citrus Aurantifolia (Lime) Peel Extract,Crithmum Maritimum Extract,Alteromonas Ferment Extract,Chlorella Vulgaris Extract,Yeast Extract/Faex/Extrait De Levure,Cholesterol,Linoleic Acid,Tetraacetylphytosphingosine,Caprylic/Capric Triglyceride,Rosmarinus Officinalis (Rosemary) Leaf Oil,Ocimum Basilicum (Basil) Oil,Lavandula Angustifolia (Lavender) Oil,Lavandula Hybrida (Lavandin) Oil,Dipropylene Glycol,Sodium Citrate,Limonene,Linalool,Phenoxyethanol
LA MER,The Regenerating Serum,Water,Algae (Seaweed) Extract,Dimethicone,Hdi/Trimethylol Hexyllactone Crosspolymer,Hydrogenated Polyisobutene,Hydrogenated Vegetable Oil,Caprylic/Capric/Myristic/Stearic Triglyceride,Polysilicone-11,Peg-8 Dimethicone,Peg-10 Dimethicone,Yeast Extract/Faex/Extrait De Levure,Citrus Aurantifolia (Lime) Peel Extract,Sigesbeckia Orientalis (St. Paul's Wort) Extract,Polygonum Cuspidatum Root Extract,Saccharomyces Lysate Extract,Sesamum Indicum (Sesame) Seed Oil,Eucalyptus Globulus (Eucalyptus) Leaf Oil,Sesamum Indicum (Sesame) Seed Powder,Medicago Sativa (Alfalfa) Seed Powder,Helianthus Annuus (Sunflower) Seedcake,Prunus Amygdalus Dulcis (Sweet Almond) Seed Meal,Sodium Gluconate,Copper Gluconate,Calcium Gluconate,Magnesium Gluconate,Zinc Gluconate,Tocopheryl Succinate,Niacin,Vitis Vinifera (Grape) Seed Extract,Rosmarinus Officinalis (Rosemary) Leaf Extract,Punica Granatum (Pomegranate) Fruit Juice,Bupleurum Falcatum Root Extract,Citrus Reticulata (Tangerine) Peel Extract,Narcissus Tazetta Bulb Extract,Mimosa Tenuiflora Bark Extract,Betula Alba (Birch) Bark Extract,Chlorella Vulgaris Extract,Humulus Lupulus (Hops) Extract,Laureth-4,Corallina Officinalis Extract,Glycine Soja (Soybean) Seed Extract,Micrococcus Lysate,Whey Protein/Lactis Protein/Protéine Du Petit-Lait,Tartaric Acid,Glycerin,Hydrolyzed Wheat Protein,Laureth-23,Butylene Glycol,Ammonium Acryloyldimethyltaurate/Beheneth-25 Methacrylate Crosspolymer,Sucrose,Coenzyme A,Acetyl Glucosamine,Caffeine,Dipalmitoyl Hydroxyproline,Linoleic Acid,Tetraacetylphytosphingosine,Alcaligenes Polysaccharides,Bifida Ferment Lysate,Pentylene Glycol,Dipotassium Glycyrrhizate,Palmitoyl Oligopeptide,Peg-8,Sorbitol,Tocopheryl Acetate,Eryngium Maritimum Extract,Sodium Hydroxide,Hydrogenated Lecithin,Hydroxypropyl Cyclodextrin,Nordihydroguaiaretic Acid,Cyclodextrin,Maltodextrin,Polymethylsilsesquioxane,Acetyl Hexapeptide-8,Glyceryl Polymethacrylate,Glycosaminoglycans,Gold,Tourmaline,Linolenic Acid,Silica,Ethylbisiminomethylguaiacol Manganese Chloride,Disodium Edta,Potassium Sorbate,Phenoxyethanol,Fragrance,Hydroxycitronellal,Linalool,Limonene,Citronellol,Geraniol,Green 5 (Ci 61570)
LA MER,The Treatment Lotion,Declustered Water (+)/Aqua/Eau De-Structuree (+),Declustered Water (-)/Aqua/Eau De-Structuree (-),Algae (Seaweed) Extract,Glycerin,Methyl Gluceth-20,Bis-Peg-18 Methyl Ether Dimethyl Silane,Yeast Extract/Faex/Extrait De Levure,Sucrose,Glycereth-26,Sesamum Indicum (Sesame) Seed Oil,Medicago Sativa (Alfalfa) Seed Powder,Helianthus Annuus (Sunflower) Seedcake,Prunus Amygdalus Dulcis (Sweet Almond) Seed Meal,Eucalyptus Globulus (Eucalyptus) Leaf Oil,Sodium Gluconate,Copper Gluconate,Calcium Gluconate,Magnesium Gluconate,Zinc Gluconate,Tocopheryl Succinate,Niacin,Sesamum Indicum (Sesame) Seed Powder,Citrus Aurantifolia (Lime) Peel Extract,Glycine Soja (Soybean) Seed Extract,Laminaria Digitata Extract,Palmaria Palmata Extract,Codium Tomentosum Extract,Laminaria Saccharina Extract,Sea Salt/Maris Sal/Sel Marin,Plankton Extract,Caffeine,Polyquaternium-51,Lecithin,Butylene Glycol,Dipotassium Glycyrrhizate,Glycine Soja (Soybean) Protein,Tourmaline,Acetyl Hexapeptide-8,Glycosaminoglycans,Peg-8,Sodium Hyaluronate,Alcaligenes Polysaccharides,Sodium Pca,Urea,Ppg-5-Ceteth-20,Jojoba Wax Peg-120 Esters,Polysorbate 20,Hexylene Glycol,Pentylene Glycol,Potassium Sorbate,Trehalose,Caprylyl Glycol,Hydroxypropyl Cyclodextrin,Fragrance,Disodium Edta,Limonene,Geraniol,Linalool,Hydroxycitronellal,Citronellol,Phenoxyethanol
LA MER,The Eye Balm Intense,Water,Seaweed (Algae) Extract,Shea Butter,Butylene Glycol,Polyethylene,Hydrogenated Polyisobutene,Dimethicone,Cetyl Esters,Cetearyl Alcohol,Malachite,Polybutene,Isostearyl Neopentanoate,Silica,Trisiloxane,Yeast Extract/Faex/Extrait De Levure,Caffeine,Cholesterol,Ascophyllum Nodosum Extract,Asparagopsis Armata Extract,Gelidium Cartilagineum Extract,Saccharomyces Lysate Extract,Sesamum Indicum (Sesame) Seed Oil,Eucalyptus Globulus (Eucalyptus) Leaf Oil,Sesamum Indicum (Sesame) Seed,Medicago Sativa (Alfalfa) Seed Powder,Helianthus Annuus (Sunflower) Seedcake,Prunus Amygdalus Dulcis (Sweet Almond) Seed Meal,Sodium Gluconate,Potassium Gluconate,Copper Gluconate,Calcium Gluconate,Magnesium Gluconate,Zinc Gluconate,Tocopheryl Succinate,Niacin,Sigesbeckia Orientalis (St. Paul'S Wort) Extract,whey protein/lactis protein/protéine du petit-lait,Sucrose,Elaeis Guineensis (Palm) Oil,Methyl Glucose Sesquistearate,Cetearyl Glucoside,Glycerin,Aminomethyl Propanol,Glyceryl Distearate,Tetraacetylphytosphingosine,Linoleic Acid,Sorbitol,Acrylates/C10-30 Alkyl Acrylate Crosspolymer,Steareth-10,Magnesium Ascorbyl Phosphate,Vinyl Dimethicone/Methicone Silsesquioxane Crosspolymer,Sodium Hyaluronate,Tocotrienols,Hexylene Glycol,Phytosphingosine,Isododecane,Tocopherol,Squalene,Propylene Glycol Dioctanoate,Phytosterols,Trimethylsiloxysilicate,Caprylyl Glycol,Acetyl Hexapeptide-8,Carbomer,Fragrance,Tourmaline,Disodium Edta,Sodium Dehydroacetate,Phenoxyethanol,Linalool,Limonene,Benzyl Salicylate,Blue 1 (Ci 42090),Yellow 5 (Ci 19140),Titanium Dioxide (Ci 77891),Green 5 (Ci 61570)
LA MER,The Lifting Eye Serum,Declustered Water (-)/Aqua/Eau De-Structuree (-),Declustered Water (+)/Aqua/Eau De-Structuree (+),Propanediol,Glycerin,Algae (Seaweed) Extract,Prunus Amygdalus Dulcis (Sweet Almond) Seed Extract,Sesamum Indicum (Sesame) Seed Oil,Medicago Sativa (Alfalfa) Seed Powder,Helianthus Annuus (Sunflower) Seedcake,Prunus Amygdalus Dulcis (Sweet Almond) Seed Meal,Eucalyptus Globulus (Eucalyptus) Leaf Oil,Sodium Gluconate,Copper Gluconate,Calcium Gluconate,Magnesium Gluconate,Zinc Gluconate,Tocopheryl Succinate,Niacin,Sesamum Indicum (Sesame) Seed Powder,Sucrose,Pyrus Malus (Apple) Fruit Extract,Citrullus Vulgaris (Watermelon) Fruit Extract,Porphyridium Cruentum Extract,Lens Esculenta (Lentil) Fruit Extract,Laminaria Digitata Extract,Saccharomyces Lysate Extract,Ascophyllum Nodosum Extract,Plankton Extract,Helichrysum Arenarium (Everlasting) Extract,Citrus Aurantifolia (Lime) Peel Extract,Tourmaline,Sigesbeckia Orientalis (St. Paul'S Wort) Extract,Asparagopsis Armata Extract,Acetyl Hexapeptide-8,Caffeine,Pullulan,Trehalose,Sodium Lactate,Sorbitol,Sodium Pca,Styrene/Vp Copolymer,Hydroxypropyl Methylcellulose,Sodium Hyaluronate,Hexylene Glycol,Butylene Glycol,Vinyl Dimethicone/Methicone Silsesquioxane Crosspolymer,Alcohol Denat,Xanthan Gum,Isododecane,Fragrance,Ethylhexylglycerin,Caprylyl Glycol,Trimethylsiloxysilicate,Disodium Edta,Phenoxyethanol,Green 5 (Ci 61570),Blue 1 (Ci 42090)
LA MER,The Brilliance Brightening Mask,Declustered Water (-)/Aqua/Eau De-Structuree (-),Declustered Water (+)/Aqua/Eau De-Structuree (+),Methyl Gluceth-20,Peg-75,Butylene Glycol,Glycerin,Bis-Peg-18 Methyl Ether Dimethyl Silane,Algae (Seaweed) Extract,Sesamum Indicum (Sesame) Seed Oil,Medicago Sativa (Alfalfa) Seed Powder,Helianthus Annuus (Sunflower) Seedcake,Prunus Amygdalus Dulcis (Sweet Almond) Seed Meal,Eucalyptus Globulus (Eucalyptus) Leaf Oil,Sodium Gluconate,Copper Gluconate,Calcium Gluconate,Magnesium Gluconate,Zinc Gluconate,Tocopheryl Succinate,Niacin,Sesamum Indicum (Sesame) Seed Powder,Ascophyllum Nodosum Extract,Corallina Officinalis Extract,Laminaria Saccharina Extract,Chlorella Vulgaris Extract,Laminaria Digitata Extract,Palmaria Palmata Extract,Pyrus Malus (Apple) Fruit Extract,Hordeum Vulgare (Barley) Extract/Extrait D'Orge,Triticum Vulgare (Wheat) Germ Extract,Morus Nigra (Mulberry) Root Extract,Scutellaria Baicalensis Root Extract,Vitis Vinifera (Grape) Seed Extract,Rosmarinus Officinalis (Rosemary) Leaf Extract,Saccharomyces Lysate Extract,Citrus Reticulata (Tangerine) Peel Extract,Asparagopsis Armata Extract,Sigesbeckia Orientalis (St. Paul'S Wort) Extract,Punica Granatum (Pomegranate) Fruit Juice,Citrullus Vulgaris (Watermelon) Fruit Extract,Vitis Vinifera (Grape) Fruit Extract,Tourmaline,Linolenic Acid,Lens Esculenta (Lentil) Fruit Extract,Polygonum Cuspidatum Root Extract,Oleth-5,Glycereth-26,Citrus Aurantifolia (Lime) Peel Extract,Squalane,Humulus Lupulus (Hops) Extract,Yeast Extract/Faex/Extrait De Levure,Acetyl Hexapeptide-8,Tocopheryl Acetate,Caffeine,Hydrolyzed Rice Extract,Acetyl Glucosamine,Yeast Polysaccharides,Hydrolyzed Jojoba Esters,Sodium Rna,Oleth-10 Phosphate,Camelina Sativa Seed Oil,Bifida Ferment Lysate,Sodium Hyaluronate,Sodium Pca,Tetraacetylphytosphingosine,Micrococcus Lysate,Sucrose,Carbomer,Caprylyl Glycol,Sorbitol,Dipotassium Glycyrrhizate,Tetrahexyldecyl Ascorbate,Sodium Hydroxide,Magnesium Ascorbyl Phosphate,Sodium Lactate,Xanthan Gum,Choleth-24,Linoleic Acid,Hexylene Glycol,Ceteth-24,Lecithin,Hydrogenated Lecithin,Ethylbisiminomethylguaiacol Manganese Chloride,Nordihydroguaiaretic Acid,Alcohol Denat,Fragrance,Disodium Edta,Bht,Hydroxycitronellal,Limonene,Linalool,Geraniol,Citronellol,Benzyl Salicylate,Benzyl Benzoate,Phenoxyethanol Rds Product Name: Bdlm Whitening System - Mask Division: Mh (Max Huber)Declustered Water (-)/Aqua/Eau De-Structuree (-),Declustered Water (+)/Aqua/Eau De-Structuree (+),Squalane,Glycerin,Butylene Glycol,Caprylic/Capric Triglyceride,C14-22 Alcohols,Dimethicone,Glyceryl Stearate,Algae (Seaweed) Extract,Sesamum Indicum (Sesame) Seed Oil,Medicago Sativa (Alfalfa) Seed Powder,Helianthus Annuus (Sunflower) Seedcake,Eucalyptus Globulus (Eucalyptus) Leaf Oil,Prunus Amygdalus Dulcis (Sweet Almond) Seed Meal,Sodium Gluconate,Copper Gluconate,Calcium Gluconate,Magnesium Gluconate,Zinc Gluconate,Tocopheryl Succinate,Niacin,Sesamum Indicum (Sesame) Seed Powder,Corallina Officinalis Extract,Palmaria Palmata Extract,Molasses Extract/Saccharum Officinarum/Extrait De Melasse,Bis-Peg-18 Methyl Ether Dimethyl Silane,Saccharomyces Lysate Extract,Cetearyl Alcohol,Pearl Powder,Citrus Aurantifolia (Lime) Peel Extract,Yeast Extract/Faex/Extrait De Levure,Caffeine,Sodium Hyaluronate,Sucrose,Carbomer,Caprylyl Glycol,C12-20 Alkyl Glucoside,Polyacrylate Crosspolymer-6,Polyacrylate-13,Betaine [ -- Iln Text Too Long. Please Get Iln Text From Rds Or Pds Application
LA MER,The Lip Balm,Petrolatum,Octyldodecanol,Microcrystalline Wax/Cera Microcristallina/Cire Microcristalline,Octyldodecyl Stearoyl Stearate,Bis-Diglyceryl Polyacyladipate-2,Polyglyceryl-10 Pentaoleate,Phenyl Trimethicone,Aloe Barbadensis Leaf Extract,Seaweed (Algae) Extract,Malachite,Algae Extract,Tourmaline,Sesamum Indicum (Sesame) Seed Oil,Eucalyptus Globulus (Eucalyptus) Leaf Oil,Sesamum Indicum (Sesame) Seed,Medicago Sativa (Alfalfa) Seed Powder,Helianthus Annuus (Sunflower) Seedcake,Prunus Amygdalus Dulcis (Sweet Almond) Seed Meal,Sodium Gluconate,Potassium Gluconate,Copper Gluconate,Calcium Gluconate,Magnesium Gluconate,Zinc Gluconate,Tocopheryl Succinate,Niacin,Ricinus Communis (Castor) Seed Oil,Glycine Soja (Soybean) Oil,Phytosphingosine,Trehalose,Polybutene,Tocopheryl Acetate,Cholesterol,Glyceryl Distearate,Water,Glycerin,Menthyl Pca,Oleic Acid,Palmitic Acid,Sodium Saccharin,Sorbitan Sesquioleate,Calcium Carbonate,Sodium Bicarbonate,Fragrance,Benzyl Benzoate,Limonene,Bht,Blue 1 Lake (Ci 42090),Yellow 5 Lake
LA MER,The Lifting and Firming Mask,Declustered Water (-)/Aqua/Eau De-Structuree (-),Declustered Water (+)/Aqua/Eau De-Structuree (+),Dimethicone,Hdi/Trimethylol Hexyllactone Crosspolymer,Cyclopentasiloxane,Hydrogenated Polyisobutene,Hydrogenated Vegetable Oil,Caprylic/Capric/Myristic/Stearic Triglyceride,Polysilicone-11,Peg-100 Stearate,Peg-8 Dimethicone,Peg-10 Dimethicone,Algae (Seaweed) Extract,Sesamum Indicum (Sesame) Seed Oil,Medicago Sativa (Alfalfa) Seed Powder,Helianthus Annuus (Sunflower) Seedcake,Prunus Amygdalus Dulcis (Sweet Almond) Seed Meal,Eucalyptus Globulus (Eucalyptus) Leaf Oil,Sodium Gluconate,Copper Gluconate,Calcium Gluconate,Magnesium Gluconate,Zinc Gluconate,Tocopheryl Succinate,Niacin,Sesamum Indicum (Sesame) Seed Powder,Vitis Vinifera (Grape) Seed Extract,Citrus Aurantifolia (Lime) Peel Extract,Sigesbeckia Orientalis (St. Paul'S Wort) Extract,Crithmum Maritimum Extract,Eryngium Maritimum Extract,Polygonum Cuspidatum Root Extract,Silybum Marianum (Lady'S Thistle) Extract,Bupleurum Falcatum Root Extract,Humulus Lupulus (Hops) Extract,Citrus Reticulata (Tangerine) Peel Extract,Mimosa Tenuiflora Bark Extract,Narcissus Tazetta Bulb Extract,Chlorella Vulgaris Extract,Saccharomyces Lysate Extract,Prunus Mume Fruit Extract,whey protein/lactis protein/protéine du petit-lait,Gelidium Cartilagineum Extract,Glycerin,Coenzyme A,Micrococcus Lysate,Laminaria Digitata Extract,Rosmarinus Officinalis (Rosemary) Extract,Laminaria Ochroleuca Extract,Punica Granatum (Pomegranate) Fruit Juice,Sorbitol,Corallina Officinalis Extract,Molasses Extract/Saccharum Officinarum/Extrait De Melasse,Glycine Soja (Soybean) Seed Extract,Tourmaline,Caffeine,Linolenic Acid,Hydrogenated Lecithin,Gold,Hydrolyzed Wheat Protein,Glycosaminoglycans,Palmitoyl Oligopeptide,Ammonium Acryloyldimethyltaurate/Beheneth-25 Methacrylate Crosspolymer,Bifida Ferment Lysate,Alcaligenes Polysaccharides,Butylene Glycol,Tetraacetylphytosphingosine,Dipotassium Glycyrrhizate,Lecithin,Acetyl Glucosamine,Sodium Hyaluronate,Laureth-23,Acetyl Hexapeptide-8,Linoleic Acid,Dipalmitoyl Hydroxyproline,Propylene Glycol Diethylhexanoate,Yeast Extract/Faex/Extrait De Levure,Caprylic/Capric Triglyceride,Laureth-4,Tocopheryl Acetate,Diethylhexyl Syringylidenemalonate,Pentylene Glycol,Peg-8,Potassium Sorbate,Yeast Polysaccharides,Hydroxypropyl Cyclodextrin,Nordihydroguaiaretic Acid,Cyclodextrin,Maltodextrin,Sucrose,Glyceryl Polymethacrylate,Fragrance,Polymethylsilsesquioxane,Silica,Ethylbisiminomethylguaiacol Manganese Chloride,Disodium Edta,Phenoxyethanol,Linalool,Hydroxycitronellal,Citronellol,Geraniol,Limonene,Green 5 (Ci 61570)
LA MER,The Moisturizing Soft Lotion,Algae (Seaweed) Extract,Petrolatum,Isocetyl Stearoyl Stearate,Shea Butter,Butylene Glycol,Cyclopentasiloxane,Dimethicone,Glyceryl Stearate,Cetyl Esters,Phenyl Trimethicone,Diethylhexyl Succinate,Cyclohexasiloxane,Cholesterol,Steareth-10,Glyceryl Stearate Se,Polysilicone-11,Sesamum Indicum (Sesame) Seed Oil,Medicago Sativa (Alfalfa) Seed Powder,Helianthus Annuus (Sunflower) Seedcake,Prunus Amygdalus Dulcis (Sweet Almond) Seed Meal,Eucalyptus Globulus (Eucalyptus) Leaf Oil,Sodium Gluconate,Copper Gluconate,Calcium Gluconate,Magnesium Gluconate,Zinc Gluconate,Tocopheryl Succinate,Niacin,Sesamum Indicum (Sesame) Seed Powder,Water,Salicornia Herbacea Extract,Sigesbeckia Orientalis (St. Paul'S Wort) Extract,Citrus Aurantifolia (Lime) Peel Extract,Sea Salt/Maris Sal/Sel Marin,Chlorella Vulgaris Extract,Hydrolyzed Rice Extract,Micrococcus Lysate,Laminaria Digitata Extract,Plankton Extract,Caffeine,Glucose Oxidase,Trehalose,Sucrose,Acetyl Hexapeptide-8,Lactoperoxidase,Hydrolyzed Algin,Glyceryl Dilaurate,Alcaligenes Polysaccharides,Isohexadecane,Caprylic/Capric Triglyceride,Dipalmitoyl Hydroxyproline,Distearyldimonium Chloride,Glycerin,Tocopheryl Acetate,Steareth-21,Polyquaternium-51,Saccharide Isomerate,Tetrahexyldecyl Ascorbate,Sodium Pca,Urea,Glucose,Polysorbate 80,Sodium Hyaluronate,Cetyl Alcohol,Alcohol Denat,acrylamide/sodium acryloyldimethyltaurate copolymer,Fragrance,Lecithin,Bht,Linalool,Citronellol,Hydroxycitronellal,Geraniol,Limonene,Benzyl Salicylate,Phenoxyethanol
LA MER,The Revitalizing Hydrating Serum,Declustered Water (-)/Aqua/Eau De-Structuree (-),Declustered Water (+)/Aqua/Eau De-Structuree (+),Butylene Glycol,Glycerin,Algae (Seaweed) Extract,Bis-Peg-12 Dimethicone,Hydrogenated Lecithin,Caprylic/Capric Triglyceride,Sucrose,Limnanthes Alba (Meadowfoam) Seed Oil,Sesamum Indicum (Sesame) Seed Oil,Medicago Sativa (Alfalfa) Seed Powder,Helianthus Annuus (Sunflower) Seedcake,Prunus Amygdalus Dulcis (Sweet Almond) Seed Meal,Eucalyptus Globulus (Eucalyptus) Leaf Oil,Sodium Gluconate,Copper Gluconate,Calcium Gluconate,Magnesium Gluconate,Zinc Gluconate,Tocopheryl Succinate,Niacin,Sesamum Indicum (Sesame) Seed Powder,Citrus Aurantifolia (Lime) Peel Extract,Commiphora Mukul Resin Extract,Codium Tomentosum Extract,Polygonum Cuspidatum Root Extract,Vitis Vinifera (Grape) Seed Extract,Humulus Lupulus (Hops) Extract,Citrus Reticulata (Tangerine) Peel Extract,Asparagopsis Armata Extract,Salicornia Herbacea Extract,Alcaligenes Polysaccharides,Glucose,Porphyridium Cruentum Extract,Sigesbeckia Orientalis (St. Paul'S Wort) Extract,Squalane,Cholesterol,Caffeine,Undaria Pinnatifida Extract,Ascophyllum Nodosum Extract,Laminaria Digitata Extract,Sea Salt/Maris Sal/Sel Marin,Castanea Sativa (Chestnut) Seed Extract,Plankton Extract,Glycine Soja (Soybean) Seed Extract,Acetyl Hexapeptide-8,Trehalose,Lactoperoxidase,Dimethicone,Lecithin,Dipotassium Glycyrrhizate,Glycine Soja (Soybean) Protein,Rosmarinus Officinalis (Rosemary) Leaf Extract,Punica Granatum (Pomegranate) Fruit Juice,Glucose Oxidase,Linolenic Acid,Hydrolyzed Rice Extract,Laminaria Saccharina Extract,Yeast Extract/Faex/Extrait De Levure,Acetyl Glucosamine,Bisabolol,Glycosaminoglycans,Ethylhexylglycerin,Sodium Pca,Tourmaline,Linoleic Acid,Sorbitol,Urea,Tocopheryl Acetate,Pentylene Glycol,Sodium Hyaluronate,Polyquaternium-51,Ethylbisiminomethylguaiacol Manganese Chloride,Hydroxypropyl Cyclodextrin,Magnesium Ascorbyl Phosphate,Nordihydroguaiaretic Acid,Sodium Hydroxide,Alcohol Denat,Carbomer,Xanthan Gum,Potassium Sorbate,Fragrance,Disodium Edta,Bht,Phenoxyethanol,Amyl Cinnamal,Hexyl Cinnamal,Benzyl Benzoate,Citronellol,Limonene,Coumarin,Linalool,Blue 1 (Ci 42090),Red 4 (Ci 14700)
LA MER,The Tonic,Declustered Water (-)/Aqua/Eau De-Structuree (-),Methyl Gluceth-20,Glycereth-26,Laminaria Saccharina Extract,Algae (Seaweed) Extract,Sesamum Indicum (Sesame) Seed Oil,Medicago Sativa (Alfalfa) Seed Powder,Helianthus Annuus (Sunflower) Seedcake,Prunus Amygdalus Dulcis (Sweet Almond) Seed Meal,Eucalyptus Globulus (Eucalyptus) Leaf Oil,Sodium Gluconate,Copper Gluconate,Calcium Gluconate,Magnesium Gluconate,Zinc Gluconate,Tocopheryl Succinate,Niacin,Sesamum Indicum (Sesame) Seed Powder,Butylene Glycol,Ppg-28-Buteth-35,Ppg-5-Ceteth-20,Sodium Hyaluronate,Citric Acid,Sodium Citrate,Polysorbate 20,Sucrose,Caffeine,Disodium Edta,Benzophenone-4,Phenoxyethanol,Potassium Sorbate,Fragrance,Linalool,Yellow 5 (Ci 19140),Red 33 (Ci 17200)
LA MER,The Broad Spectrum SPF 50 UV Protecting Fluid,Avobenzone 3%,Homosalate 5%,Octisalate 5%,Octocrylene 2.70%,Oxybenzone 3%,Water,Butyloctyl Salicylate,Methyl Trimethicone,Neopentyl Glycol Diheptanoate,Aleurites Moluccana (Kukui) Seed Oil,Lauryl Peg-9 Polydimethylsiloxyethyl Dimethicone,Peg-100 Stearate,Butylene Glycol,Glyceryl Stearate,Dipentaerythrityl Tri-Polyhydroxystearate,Potassium Cetyl Phosphate,Algae (Seaweed) Extract,Sesamum Indicum (Sesame) Seed Oil,Medicago Sativa (Alfalfa) Seed Powder,Helianthus Annuus (Sunflower) Seedcake,Prunus Amygdalus Dulcis (Sweet Almond) Seed Meal,Eucalyptus Globulus (Eucalyptus) Leaf Oil,Sodium Gluconate,Copper Gluconate,Calcium Gluconate,Magnesium Gluconate,Zinc Gluconate,Tocopheryl Succinate,Niacin,Sesamum Indicum (Sesame) Seed Powder,Laminaria Ochroleuca Extract,Malachite,Caffeine,Sorbitol,Sodium Hyaluronate,Cetyl Alcohol,Stearic Acid,Vp/Eicosene Copolymer,Ethylhexylglycerin,Saccharide Isomerate,Caprylic/Capric Triglyceride,Caprylyl Glycol,Ammonium Acryloyldimethyltaurate/Vp Copolymer,Dehydroxanthan Gum,Sodium Dehydroacetate,Citric Acid,Tourmaline,Styrene/Acrylates Copolymer,Silica,Peg-8 Laurate,Fragrance,Disodium Edta,Phenoxyethanol,Limonene,Geraniol,Hydroxycitronellal,Linalool,Citronellol,Mica,Green 5 (Ci 61570),Titanium Dioxide (Ci 77891)
LA MER,The Cleansing Gel,Declustered Water (+)/Aqua/Eau De-Structuree (+),Cocamidopropyl Hydroxysultaine,Sodium Cocoyl Sarcosinate,Coco-Betaine,Sodium Laureth Sulfate,Sodium Chloride,Aloe Barbadensis Leaf Extract,Avena Sativa (Oat) Kernel Extract,Algae (Seaweed) Extract,Sesamum Indicum (Sesame) Seed Oil,Medicago Sativa (Alfalfa) Seed Powder,Helianthus Annuus (Sunflower) Seedcake,Prunus Amygdalus Dulcis (Sweet Almond) Seed Meal,Eucalyptus Globulus (Eucalyptus) Leaf Oil,Sodium Gluconate,Copper Gluconate,Calcium Gluconate,Magnesium Gluconate,Zinc Gluconate,Tocopheryl Succinate,Niacin,Sesamum Indicum (Sesame) Seed Powder,Butylene Glycol,Sucrose,Caprylyl Glycol,Sodium Bicarbonate,Tourmaline,Hexylene Glycol,Fragrance,Edta,Disodium Edta,Methylchloroisothiazolinone,Methylisothiazolinone,Phenoxyethanol,Alpha-Isomethyl Ionone,Geraniol,Butylphenyl Methylpropional,Linalool,Green 5 (Ci 61570),Yellow 5 (Ci 19140)
LA MER,The Perfecting Treatment,Water,Dimethicone,Isododecane,Algae (Seaweed) Extract,Polysilicone-11,Butylene Glycol,Ascorbyl Glucoside,Peg-10 Dimethicone,Ammonium Acryloyldimethyltaurate/Vp Copolymer,Sesamum Indicum (Sesame) Seed Oil,Medicago Sativa (Alfalfa) Seed Powder,Helianthus Annuus (Sunflower) Seedcake,Prunus Amygdalus Dulcis (Sweet Almond) Seed Meal,Eucalyptus Globulus (Eucalyptus) Leaf Oil,Sodium Gluconate,Copper Gluconate,Calcium Gluconate,Magnesium Gluconate,Zinc Gluconate,Tocopheryl Succinate,Niacin,Sesamum Indicum (Sesame) Seed Powder,Peg-6,Helichrysum Arenarium (Everlasting) Extract,Hordeum Vulgare (Barley) Extract/Extrait D'orge,Laminaria Digitata Extract,Magnesium Ascorbyl Phosphate,Triticum Vulgare (Wheat) Germ Extract,Palmaria Palmata Extract,Cucumis Sativus (Cucumber) Fruit Extract,Gentiana Lutea (Gentian) Root Extract,Hydrolyzed Rice Bran Extract,Plankton Extract,Castanea Sativa (Chestnut) Seed Extract,Glycerin,Saccharomyces Lysate Extract,Corallina Officinalis Extract,Scutellaria Baicalensis Root Extract,Morus Bombycis (Mulberry) Root Extract,Molasses Extract/Saccharum Officinarum/Extrait De Melasse,Citrus Aurantifolia (Lime) Peel Extract,Mentha Viridis (Spearmint),Pelargonium Graveolens (Geranium) Flower Oil,Citrus Grandis (Grapefruit) Peel Oil,Tocopheryl Linoleate/Oleate,Sigesbeckia Orientalis (St. Paul's Wort) Extract,Polygonum Cuspidatum Root Extract,Magnolia Officinalis Bark Extract,Yeast Polysaccharides,Laminaria Saccharina Extract,Polysorbate 20,Rosa Damascena (Rose) Flower Oil,Isohexadecane,Yeast Extract/Faex/Extrait De Levure,Propylene Glycol Dicaprate,Caprylic/Capric Triglyceride,Caffeine,Ethylhexylglycerin,Ergothioneine,Tourmaline,Acetyl Hexapeptide-8,Crithmum Maritimum Extract,Caprylyl Glycol,Sodium Hyaluronate,Polysorbate 80,Dipotassium Glycyrrhizate,Dimethoxytolyl Propylresorcinol,Acetyl Glucosamine,Methyldihydrojasmonate,Cholesterol,Hydrogenated Vegetable Oil,Squalane,Glycyrrhetinic Acid,Hexylene Glycol,Lecithin,acrylamide/sodium acryloyldimethyltaurate copolymer,Citric Acid,Tromethamine,Alcohol Denat,Disodium Edta,Bht,Phenoxyethanol,Linalool,Limonene,Citronellol,Geraniol,Red 4 (Ci 14700)
LA MER,The Cleansing Oil,Caprylic/Capric Triglyceride,Polysorbate 85,Isononyl Isononanoate,Squalane,C12-15 Alkyl Benzoate,Declustered Water (+)/Aqua/Eau De-Structuree (+),Sorbitan Trioleate,Algae (Seaweed) Extract,Sesamum Indicum (Sesame) Seed Oil,Medicago Sativa (Alfalfa) Seed Powder,Helianthus Annuus (Sunflower) Seedcake,Prunus Amygdalus Dulcis (Sweet Almond) Seed Meal,Eucalyptus Globulus (Eucalyptus) Leaf Oil,Sodium Gluconate,Copper Gluconate,Calcium Gluconate,Magnesium Gluconate,Zinc Gluconate,Tocopheryl Succinate,Niacin,Sesamum Indicum (Sesame) Seed Powder,Laminaria Digitata Extract,Crithmum Maritimum Extract,Chlorella Vulgaris Extract,Vitis Vinifera (Grape) Seed Oil,Sea Salt/Maris Sal/Sel Marin,Pearl Powder,Plankton Extract,Tocopheryl Acetate,Tourmaline,Glycerin,Neopentyl Glycol Dicaprate,Silica,Isopropyl Palmitate,Quaternium-90 Bentonite,Propylene Carbonate,Fragrance,Benzyl Salicylate,Linalool,Butylphenyl Methylpropional,Benzyl Benzoate,Limonene,Alpha-Isomethyl Ionone,Mica,Green 6 (Ci 61565),Violet 2 (Ci 60725),Titanium Dioxide (Ci 77891)
LA MER,The Intensive Revitalizing Mask,Water,Isododecane,Algae (Seaweed) Extract,Dimethicone,Glycerin,Butylene Glycol,Caprylic/Capric/Myristic/Stearic Triglyceride,Peg-10 Dimethicone,Hydrogenated Vegetable Oil,Sesamum Indicum (Sesame) Seed Oil,Medicago Sativa (Alfalfa) Seed Powder,Helianthus Annuus (Sunflower) Seedcake,Prunus Amygdalus Dulcis (Sweet Almond) Seed Meal,Eucalyptus Globulus (Eucalyptus) Leaf Oil,Sodium Gluconate,Copper Gluconate,Calcium Gluconate,Magnesium Gluconate,Zinc Gluconate,Tocopheryl Succinate,Niacin,Sesamum Indicum (Sesame) Seed Powder,Sea Salt/Maris Sal/Sel Marin,Nylon-12,Yeast Extract/Faex/Extrait De Levure,Hydrogenated Polyisobutene,Isononyl Isononanoate,Cetyl Peg/Ppg-10/1 Dimethicone,Sigesbeckia Orientalis (St. Paul'S Wort) Extract,Helichrysum Arenarium (Everlasting) Extract,Citrus Grandis (Grapefruit) Peel Oil,Pelargonium Graveolens (Geranium) Flower Oil,Citrus Aurantifolia (Lime) Peel Extract,Laminaria Saccharina Extract,Rubus Idaeus (Raspberry) Leaf Extract,Gelidium Cartilagineum Extract,Mentha Viridis (Spearmint),Zingiber Officinale (Ginger) Root Extract,Avena Sativa (Oat) Kernel Extract,Polygonum Fagopyrum Seed Extract,Padina Pavonica Thallus Extract,Chlorella Vulgaris Extract,Laminaria Digitata Extract,Hydrolyzed Rice Extract,Acetyl Hexapeptide-8,Glycine Soja (Soybean) Protein,Sodium Hyaluronate,Caffeine,Hydrolyzed Algin,Acetyl Glucosamine,Cholesterol,Trisiloxane,Phytosphingosine,Yeast Polysaccharides,Lavandula Angustifolia (Lavender) Flower Wax,Caprylic/Capric Triglyceride,Dimethicone Crosspolymer-3,Sucrose,Polysilicone-11,Caprylyl Glycol,Synthetic Fluorphlogopite,Tocopheryl Acetate,Tetrahexyldecyl Ascorbate,Sodium Pca,Urea,Dipalmitoyl Hydroxyproline,Methyldihydrojasmonate,Trehalose,Polyquaternium-51,Propylene Glycol Diethylhexanoate,Hexylene Glycol,Tourmaline,Tin Oxide,Bht,Limonene,Linalool,Geraniol,Citronellol,Titanium Dioxide (Ci 77891),Phenoxyethanol
LA MER,The Cleansing Micellar Water,Declustered Water (-)/Aqua/Eau De-Structuree (-),Declustered Water (+)/Aqua/Eau De-Structuree (+),Propanediol,Polysorbate 20,Bis-Peg-12 Dimethicone,Trehalose,Algae (Seaweed) Extract,Sesamum Indicum (Sesame) Seed Oil,Medicago Sativa (Alfalfa) Seed Powder,Helianthus Annuus (Sunflower) Seedcake,Prunus Amygdalus Dulcis (Sweet Almond) Seed Meal,Eucalyptus Globulus (Eucalyptus) Leaf Oil,Sodium Gluconate,Copper Gluconate,Calcium Gluconate,Magnesium Gluconate,Zinc Gluconate,Tocopheryl Succinate,Niacin,Sesamum Indicum (Sesame) Seed Powder,Sea Salt/Maris Sal/Sel Marin,Castanea Sativa (Chestnut) Seed Extract,Macrocystis Pyrifera (Kelp) Extract,Laminaria Digitata Extract,Sucrose,Caffeine,Glycerin,Ethylhexylglycerin,Sodium Hyaluronate,Butylene Glycol,Citric Acid,Sodium Hydroxide,Fragrance,Disodium Edta-Copper,Phenoxyethanol,Benzyl Benzoate,Coumarin,Citronellol,Linalool,Limonene,Blue 1 (Ci 42090)
LA MER,The Moisturizing Matte Lotion,Water,Algae (Seaweed) Extract,Propanediol,Squalane,Propylene Glycol Dicaprylate/Dicaprate,Methyl Methacrylate Crosspolymer,Hydrogenated Lecithin,Butylene Glycol,Octyldodecyl Neopentanoate,Glyceryl Stearate Se,Sesamum Indicum (Sesame) Seed Oil,Medicago Sativa (Alfalfa) Seed Powder,Helianthus Annuus (Sunflower) Seedcake,Prunus Amygdalus Dulcis (Sweet Almond) Seed Meal,Eucalyptus Globulus (Eucalyptus) Leaf Oil,Sodium Gluconate,Copper Gluconate,Calcium Gluconate,Magnesium Gluconate,Zinc Gluconate,Tocopheryl Succinate,Niacin,Sesamum Indicum (Sesame) Seed Powder,Citrus Aurantifolia (Lime) Peel Extract,Nylon-12,Sucrose,Salicornia Herbacea Extract,Hydrolyzed Rice Extract,Sea Salt/Maris Sal/Sel Marin,Laminaria Saccharina Extract,Crithmum Maritimum Extract,Chlorella Vulgaris Extract,Padina Pavonica Thallus Extract,Macrocystis Pyrifera (Kelp) Extract,Spirulina Platensis (Algae) Powder,Plankton Extract,Hydrolyzed Algin,Sigesbeckia Orientalis (St. Paul's Wort) Extract,Glycerin,Laminaria Digitata Extract,Sodium Hyaluronate,Glucose Oxidase,Lactoperoxidase,Acetyl Hexapeptide-8,Dipalmitoyl Hydroxyproline,Caffeine,Glucose,Caprylic/Capric Triglyceride,Behenyl Alcohol,Dimethicone,Tocopheryl Acetate,acrylamide/sodium acryloyldimethyltaurate copolymer,Tetrahexyldecyl Ascorbate,Polyacrylate Crosspolymer-6,Isohexadecane,Lecithin,Potassium Stearate,Hydrogenated Vegetable Oil,Kaolin,Polysorbate 80,Fragrance,Xanthan Gum,Alcohol Denat,Disodium Edta,Bht,Limonene,Linalool,Citral,Hydroxycitronellal,Citronellol,Geraniol,Benzyl Salicylate,Benzyl Benzoate,Phenoxyethanol
LA MER,The Cleansing Foam,Declustered Water (+)/Aqua/Eau De-Structuree (+),Myristic Acid,Glycerin,Behenic Acid,Palmitic Acid,Sodium Methyl Cocoyl Taurate,Potassium Hydroxide,Lauric Acid,Stearic Acid,Algae (Seaweed) Extract,Sesamum Indicum (Sesame) Seed Oil,Medicago Sativa (Alfalfa) Seed Powder,Helianthus Annuus (Sunflower) Seedcake,Prunus Amygdalus Dulcis (Sweet Almond) Seed Meal,Eucalyptus Globulus (Eucalyptus) Leaf Oil,Sodium Gluconate,Copper Gluconate,Calcium Gluconate,Magnesium Gluconate,Zinc Gluconate,Tocopheryl Succinate,Niacin,Sesamum Indicum (Sesame) Seed Powder,Quartz Powder,Nephrite Powder,Pearl Powder,Caffeine,Sea Salt/Maris Sal/Sel Marin,Humic Acids,Sodium Hyaluronate,Sucrose,Tourmaline,Macrocystis Pyrifera (Kelp) Protein,Polyquaternium-51,Aloe Barbadensis Leaf Water,Trehalose,Cellulose,Butylene Glycol,Sodium Coco Pg-Dimonium Chloride Phosphate,Sodium Bicarbonate,Sodium Pca,Peg-3 Distearate,Urea,Fragrance,Disodium Edta,Linalool,Limonene,Phenoxyethanol,Methylchloroisothiazolinone,Methylisothiazolinone,Yellow 5 (Ci 19140),Yellow 6 (Ci 15985),Blue 1 (Ci 42090),Green 5 (Ci 61570)
LA MER,The Renewal Oil,Limnanthes Alba (Meadowfoam) Seed Oil,Dimethicone,Caprylic/Capric Triglyceride,Water,Trisiloxane,Prunus Amygdalus Dulcis (Sweet Almond) Oil,Simmondsia Chinensis (Jojoba) Seed Oil,Polydecene,Hydrogenated Polydecene,Butylene Glycol,Propanediol,Glycerin,Algae (Seaweed) Extract,Brassica Campestris (Rapeseed) Seed Oil,Helianthus Annuus (Sunflower) Seed Oil,Sesamum Indicum (Sesame) Seed Oil,Eucalyptus Globulus (Eucalyptus) Leaf Oil,Camelina Sativa Seed Oil,Oxycoccus Palustris (Cranberry) Seed Oil,Olea Europaea (Olive) Fruit Oil,Hippophae Rhamnoides Oil,Medicago Sativa (Alfalfa) Seed Powder,Helianthus Annuus (Sunflower) Seedcake,Prunus Amygdalus Dulcis (Sweet Almond) Seed Meal,Sodium Gluconate,Copper Gluconate,Calcium Gluconate,Magnesium Gluconate,Zinc Gluconate,Tocopheryl Succinate,Niacin,Sesamum Indicum (Sesame) Seed Powder,Laminaria Ochroleuca Extract,Laminaria Saccharina Extract,Hydrolyzed Algin,Sea Salt/Maris Sal/Sel Marin,Chlorella Vulgaris Extract,Salicornia Herbacea Extract,Sigesbeckia Orientalis (St. Paul'S Wort) Extract,Laminaria Digitata Extract,Rosmarinus Officinalis (Rosemary) Leaf Extract,Magnolia Officinalis Bark Extract,Yeast Extract/Faex/Extrait De Levure,Crithmum Maritimum Extract,Commiphora Mukul Resin Extract,Citrus Aurantifolia (Lime) Peel Extract,Molasses Extract/Saccharum Officinarum/Extrait De Melasse,Sucrose,Acetyl Hexapeptide-8,Acetyl Glucosamine,Caffeine,Tocopheryl Acetate,Phenyl Trimethicone,Sodium Chloride,Tetrahexyldecyl Ascorbate,Alcohol Denat,Fragrance,Hexyl Cinnamal,Linalool,Amyl Cinnamal,Geraniol,Limonene,Citral,Benzyl Benzoate,Coumarin,Citronellol,Bht,Phenoxyethanol,Yellow 5 (Ci 19140),Yellow 6 (Ci 15985)
LA MER,The Moisturizing Gel Cream,Algae (Seaweed) Extract,Cyclopentasiloxane,Butylene Glycol,Citrus Aurantifolia (Lime) Extract,Glycerin,Ammonium Acryloyldimethyltaurate/Vp Copolymer,Sesamum Indicum (Sesame) Seed Oil,Medicago Sativa (Alfalfa) Seed Powder,Helianthus Annuus (Sunflower) Seedcake,Prunus Amygdalus Dulcis (Sweet Almond) Seed Meal,Eucalyptus Globulus (Eucalyptus) Leaf Oil,Sodium Gluconate,Copper Gluconate,Calcium Gluconate,Magnesium Gluconate,Zinc Gluconate,Tocopheryl Succinate,Niacin,Sesamum Indicum (Sesame) Seed Powder,Water,Aloe Barbadensis Leaf Water,Palmitoyl Oligopeptide,Dimethicone,Sucrose,Trehalose,Sorbitol,Sodium Hyaluronate,Oleth-10,Caffeine,Tocopheryl Acetate,Glyceryl Polymethacrylate,Hydrogenated Lecithin,Peg-8,Disodium Edta,Phenoxyethanol,Potassium Sorbate,Limonene,Hydroxycitronellal,Linalool,Geraniol,Citronellol,Fragrance
LA MER,The Eye Concentrate,Algae (Seaweed) Extract,Water,Cyclopentasiloxane,Glycerin,Dimethicone,Vinyl Dimethicone/Methicone Silsesquioxane Crosspolymer,Caprylic/Capric Triglyceride,Caprylic/Capric/Myristic/Stearic Triglyceride,Yeast Extract/Faex/Extrait De Levure,Sea Salt/Maris Sal/Sel Marin,Saccharomyces/Copper Ferment,Helichrysum Arenarium (Everlasting) Extract,Polysilicone-11,Gelidium Cartilagineum Extract,Tourmaline,Polygonum Fagopyrum Seed Extract,Saccharomyces Lysate Extract,Sesamum Indicum (Sesame) Seed Oil,Medicago Sativa (Alfalfa) Seed Powder,Helianthus Annuus (Sunflower) Seedcake,Prunus Amygdalus Dulcis (Sweet Almond) Seed Meal,Eucalyptus Globulus (Eucalyptus) Leaf Oil,Sodium Gluconate,Calcium Gluconate,Copper Gluconate,Magnesium Gluconate,Zinc Gluconate,Tocopheryl Succinate,Niacin,Sesamum Indicum (Sesame) Seed Powder,Corallina Officinalis Extract,Ferrous Gluconate,Glyceryl Triacetyl Ricinoleate,Hydrogenated Vegetable Oil,Macadamia Integrifolia Seed Oil,Palmitoyl Tetrapeptide-7,Acetyl Hexapeptide-8,whey protein/lactis protein/protéine du petit-lait,Hesperidin Methyl Chalcone,Cyclohexasiloxane,Linoleic Acid,Caffeine,Cholesterol,Tetraacetylphytosphingosine,Sigesbeckia Orientalis (St. Paul'S Wort) Extract,Butylene Glycol,Crithmum Maritimum Extract,Acetyl Glucosamine,Steareth-20,Aminopropyl Ascorbyl Phosphate,Nylon-12,Triethylhexanoin,Avena Sativa (Oat) Kernel Extract,Prunus Amygdalus Dulcis (Sweet Almond) Seed Extract,Isononyl Isononanoate,Glycine Soja (Soybean) Protein,Cetyl Peg/Ppg-10/1 Dimethicone,Phytosphingosine,Hydrogenated Polyisobutene,Propylene Glycol Dioctanoate,Calcium Chloride,Sucrose,Dipeptide-2,Dimethicone Crosspolymer,Triethoxycaprylylsilane,Caprylyl Glycol,Trimethylsiloxysilicate,Isododecane,Peg/Ppg-18/18 Dimethicone,Silica,Alumina,Fragrance,Phenoxyethanol,Mica,Titanium Dioxide (Ci 77891)
DRUNK ELEPHANT,T.L.C. Sukari Babyfacial™,Water,Glycolic Acid,Hydroxyethyl Acrylate/Sodium Acryloyldimethyl Taurate Copolymer,Glycerin,Sodium Hydroxide,Salicylic Acid,Aloe Barbadensis Leaf Extract,Camellia Oleifera Leaf Extract,Lactobacillus/Pumpkin Ferment Extract,Lactobacillus/Punica Granatum Fruit Ferment Extract,Opuntia Ficus-Indica Extract,Pyrus Malus (Apple) Fruit Extract,Silybum Marianum Seed Extract,Saccharomyces Cerevisiae Extract,Vitis Vinifera (Grape) Juice Extract,Camellia Sinensis Leaf Powder,Cicer Arietinum Seed Powder,Sclerocarya Birrea Seed Oil,Passiflora Edulis Seed Oil,Leuconostoc/Radish Root Ferment Filtrate,Sodium Hyaluronate Crosspolymer,Sodium PCA,Allantoin,Dipotassium Glycyrrhizate,Dextrin,Polydextrose,Sorbitan Isostearate,Amylopectin,Niacinamide,Phytosphingosine,Lactic Acid,Propanediol,Citric Acid,Titanium Dioxide,Trisodium Ethylenediamine Disuccinate,Polysorbate 60,Caprylyl Glycol,Chlorphenesin,Phenoxyethanol
DRUNK ELEPHANT,C-Firma™ Day Serum,Water,Ethoxydiglycol,Ascorbic Acid,Glycerin,Laureth-23,Lactobacillus/Pumpkin Ferment Extract,Sclerocarya Birrea Seed Oil,Ferulic Acid,Sodium Hyaluronate,Chondrus Crispus Extract,Camellia Sinensis Leaf Extract,Lactobacillus/Punica Granatum Fruit Ferment Extract,Glycyrrhiza Glabra (Licorice) Root Extract,Vitis Vinifera (Grape) Juice Extract,Phyllanthus Emblica Fruit Extract,Hydrolyzed Wheat Protein,Tocopherol,Caprylhydroxamic Acid,Acetyl Glucosamine,Hydrolyzed Quinoa,Glutamylamidoethyl Imidazole,Dipotassium Glycyrrhizate,Tetrahydrodiferuloylmethane,Tetrahydrodemethoxydiferuloylmethane,Tetrahydrobisdemethoxydiferuloylmethane,Sodium Hyaluronate Crosspolymer,Glycine,Sucrose,Maltodextrin,Propanediol,Caprylyl Glycol,Sodium Hydroxide,Xanthan gum,Hydroxyethyl Acrylate/Sodium Acryloyldimethyl Taurate Copolymer,Isohexadecane,Polysorbate 60
DRUNK ELEPHANT,T.L.C. Framboos™ Glycolic Night Serum,Water,Glycolic Acid,Butylene Glycol,Glycerin,Sodium Hydroxide,Salicylic Acid,Lactic Acid,Citric Acid,Vitis Vinifera (Grape) Juice Extract,Aloe Barbadensis Leaf Juice,Opuntia Ficus-Indica Extract,Aesculus Hippocastanum (Horse Chestnut) Seed Extract,Camellia Sinensis Leaf Extract,Rubus Idaeus (Raspberry) Fruit Extract,Saccharomyces Cerevisiae Extract,Buddleja Davidii Meristem Cell Culture,Sclerocarya Birrea Seed Oil,Sodium Hyaluronate Crosspolymer,Allantoin,Hydroxyethylcellulose,Galactoarabinan,Propanediol,Disodium EDTA,Xanthan Gum,Hexylene Glycol,Phenoxyethanol,Caprylyl Glycol,Ethylhexylglycerin,Sodium Nitrate,Potassium Sorbate,Pentylene Glycol,Sodium Benzoate
DRUNK ELEPHANT,Lala Retro™ Whipped Cream,Water,Glycerin,Caprylic/ Capric Triglyceride,Isopropyl Isostearate,Pseudozyma Epicola/Camellia Sinensis Seed Oil/Glucose/Glycine Soja Meal/Malt Extract/Yeast Extract Ferment Filtrate (Pseudozyma Epicola/Camellia Sinensis Seed Oil/Glucose/Yeast Extract Ferment Filtrate),Stearic Acid,Glyceryl Stearate SE,Cetearyl Alcohol,Pentylene Glycol,Plantago Lanceolata Leaf Extract,Adansonia Digitata Seed Oil,Citrullus Lanatus (Watermelon) Seed Oil,Passiflora Edulis Seed Oil,Schinziophyton Rautanenii Kernel Oil,Sclerocarya Birrea Seed Oil,Polyglyceryl-6 Ximenia Americana Seedate,Sodium Hyaluronate Crosspolymer,Ceteareth-20,Trisodium Ethylenediamine Disuccinate,Sodium Hydroxide,Citric Acid,Carbomer,Xanthan Gum,Caprylyl Glycol,Chlorphenesin,Phenoxyethanol,Ethylhexylglycerin
DRUNK ELEPHANT,Virgin Marula Luxury Facial Oil,100% Unrefined Sclerocraya Birrea (Marula) Kernel Oil
DRUNK ELEPHANT,B-Hydra™ Intensive Hydration Gel,Water,Butylene Glycol,Glycerin,Ammonium Acryloyldimethyltaurate/VP Copolymer,Pentylene Glycol,Ananas Sativus (Pineapple) Fruit Extract,Berberis Vulgaris Root Extract,Citrullus Lanatus (Watermelon) Fruit Extract,Lens Esculenta (Lentil) Fruit Extract,Pyrus Malus (Apple) Fruit Extract,Sclerocarya Birrea Seed Oil,Coconut Alkanes,Panthenol,Sodium PCA,Sodium Hyaluronate Crosspolymer,Sodium Lactate,Dipotassium Glycyrrhizate,Coco-Caprylate/Caprate,Cyclodextrin,Trisodium Ethylenediamine Disuccinate,Citric Acid,Chlorphenesin,Caprylyl Glycol,Phenoxyethanol,Ethylhexylglycerin
DRUNK ELEPHANT,Shaba Complex™ Eye Serum,Water,Octyldodecanol,Glycerin,Boron Nitride,Saccharomyces/Xylinum/Black Tea Ferment,Coconut Alkanes,Cetyl Alcohol,Cetearyl Olivate,Sorbitan Olivate,Niacinamide,Copper Tripeptide-1,Leontopodium Alpinum Meristem Cell Culture,Dipeptide-2,Palmitoyl Tripeptide-1,Palmitoyl Tetrapeptide-7,Copper Lysinate/Prolinate,Hesperidin Methyl Chalcone,Chondrus Crispus (Carrageenan),Mangifera Indica (Mango) Seed Butter,Glycine Soja (Soybean) Oil,Hippophae Rhamnoides Oil,Sclerocarya Birrea Seed Oil,Sodium Hyaluronate Crosspolymer,Hydroxyethylcellulose,Coco-Caprylate/Caprate,Steareth-20,Lecithin,Panthenol,N-Hydroxysuccinimide,Ubiquinone,Citric Acid,Thioctic Acid,Tocopherol,Chrysin,Sclerotium Gum,Methylglucoside Phosphate,Xanthan Gum,Potassium Sorbate,Sodium Benzoate,Chlorphenesin,Caprylyl Glycol,Sodium Hydroxide,Phenoxyethanol,Pentylene Glycol/Ethylhexylglycerin
DRUNK ELEPHANT,JuJu Bar™,Sodium Coco-Sulfate,Disodium Lauryl Sulfosuccinate,Triticum Vulgare (Wheat) Starch,Cetearyl Alcohol,Bambusa Vulgaris Leaf/Stem Extract,Paraffin,Sclerocarya Birrea Seed Oil,water/aqua/eau,Heilmoor Clay,Titanium Dioxide (CI 77891),Helianthus Annuus (Sunflower) Seed Oil,Euterpe Oleracea Fruit Extract,Lycium Barbarum Fruit Extract
DRUNK ELEPHANT,Lippe Balm,Cocos Nucifera (Coconut) Oil,Sclerocarya Birrea Seed Oil,Butyrospermum Parkii (Shea) Butter,Caprylic/Capric Triglyceride,Bis-Diglyceryl Polyacyladipate-2,Beeswax/Cera Alba/Cire d’abeille,Ozokerite,Polyisobutene,Glycine Soja (Soybean) Oil,Copernicia Cerifera (Carnauba) Wax/Cera Carnauba/Cire de carnauba,Euphorbia Cerifera (Candelilla) Wax/Candelilla Cera/Cire de candelilla,Camellia Oleifera Leaf Extract,Dictyopteris Membranacea Extract,Magnolia Grandiflora Bark Extract,Carthamus Tinctorius (Safflower) Seed Oil,Persea Gratissima (Avocado) Oil,Schinziophyton Rautanenii (Mongongo) Kernel Oil,Vaccinium Macrocarpon (Cranberry) Seed Oil,Tocopheryl Acetate,Dipotassium Glycyrrhizate,Palmitoyl Tripeptide-1,Tetrahexyldecyl Ascorbate,Ethylhexyl Palmitate,Dicaprylyl Ether,Tribehenin,Sorbitan Isostearate,Lauryl Alcohol,Linoleic Acid,Linolenic Acid,Caprylyl Glycol,Phenoxyethanol
DRUNK ELEPHANT,Pekee Bar™,Sodium Coco-Sulfate,Disodium Lauryl Sulfosuccinate,Triticum Vulgare (Wheat) Starch,Cetearyl Alcohol,Paraffin,Sclerocarya Birrea Seed Oil,water/aqua/eau,Titanium Dioxide (CI 77891),Honey/Mel/Miel,Glycerin,Vaccinium Angustifolium (Blueberry) Fruit Extract
DRUNK ELEPHANT,Umbra™ Sheer Physical Daily Defense Broad Spectrum Sunscreen SPF 30,zinc oxide 20%,Water (Aqua),Caprylic/Capric Triglyceride,Dicaprylyl Carbonate,Glycerin, Pentylene Glycol,Steareth-2, Propanediol, Steareth-21,Polyhydroxystearic Acid,Cetearyl Alcohol,Silica,Sclerocarya Birrea Seed Oil,Aloe Barbadensis Leaf Extract,Chondrus Crispus Extract, Haematococcus Pluvialis Extract,  Helianthus Annuus (Sunflower) Sprout Extract,  Vitis Vinifera (Grape) Juice Extract, Helianthus Annuus (Sunflower) Seed Oil, Simmondsia Chinensis (Jojoba) Seed Oil, Raspberry Seed Oil/Tocopheryl Succinate Aminopropanediol Esters,Hydrolyzed Wheat Protein, Tocopheryl Acetate, Tocopherol, Sea Water, Acetyl Glucosamine, Cetearyl Glucoside, Sodium Stearoyl Glutamate, Tetrahexyldecyl Ascorbate, Glycine, Sucrose, Lecithin, Triethoxycaprylylsilane, Xanthan Gum, Trisodium Ethylenediamine Disuccinate, Caprylhydroxamic Acid, Mica, Caprylyl Glycol, Phenoxyethanol, Titanium Dioxide (CI 77891),Iron Oxides (CI 77491)
DRUNK ELEPHANT,Umbra Tinte™ Physical Daily Defense Broad Spectrum Sunscreen SPF 30,zinc oxide 20%,Water,Caprylic/Capric Triglyceride,Dicaprylyl Carbonate,Glycerin,Pentylene Glycol,Steareth-2,Propanediol,Steareth-21,Polyhydroxystearic Acid,Cetearyl Alcohol,Silica,Sclerocarya Birrea Seed Oil,Aloe Barbadensis Leaf Extract,Chondrus Crispus Extract,Haematococcus Pluvialis Extract,Helianthus Annuus (Sunflower) Sprout Extract,Vitis Vinifera (Grape) Juice Extract,Helianthus Annuus (Sunflower) Seed Oil,Simmondsia Chinensis (Jojoba) Seed Oil,Raspberry Seed Oil/Tocopheryl Succinate Aminopropanediol Esters,Hydrolyzed Wheat Protein,Tocopheryl Acetate,Tocopherol,Sea Water,Acetyl Glucosamine,Cetearyl Glucoside,Sodium Stearoyl Glutamate,Tetrahexyldecyl Ascorbate,Glycine,Sucrose,Sodium C14-C16 Olefin Sulfonate,Lecithin,Triethoxycaprylylsilane,Xanthan Gum,Trisodium Ethylenediamine Disuccinate,Caprylhydroxamic Acid,Mica,Caprylyl Glycol,Phenoxyethanol,Titanium Dioxide (CI 77891),Iron Oxides (CI 77491,CI 77492,CI 77499)
DRUNK ELEPHANT,Beste™ No. 9 Jelly Cleanser,Water,Glycerin,Cocamidopropyl Betaine,Coco-Glucoside,Lauryl Glucoside,Sodium Lauroyl Methyl Isethionate,Sodium Methyl Oleoyl Taurate,Cocamidopropyl Hydroxysultaine,Propanediol,Cucumis Melo Cantalupensis Fruit Extract,Sclerocarya Birrea Seed Oil,Aloe Barbadensis Leaf Extract,Dipotassium Glycyrrhizate,Citric Acid,Sodium Benzoate
SUNDAY RILEY,Good Genes All-In-One Lactic Acid Treatment,Opuntia Tuna Fruit (Prickly Pear) Extract,Agave Tequilana Leaf (Blue Agave) Extract,Cypripedium Pubescens (Lady's Slipper Orchid) Extract,Opuntia Vulgaris (Cactus) Extract,Aloe Barbadensis Leaf Extract & Saccharomyses Cerevisiae (Yeast) Extract,Lactic Acid,Caprylic/Capric Triglyceride,Butylene Glycol,Squalane,Cyclomethicone,Dimethicone,Ppg-12/Smdi Copolymer,Stearic Acid,Cetearyl Alcohol,Ceteareth20,Glyceryl Stearate,Peg-100 Stearate,Arnica Montana (Flower) Extract,Peg-75 Meadowfoam Oil,Glycyrrhiza Glabra (Licorice) Root Extract,Cymbopogon Schoenanthus (Lemongrass) Oil,Triethanolamine,Xantham Gum,Phenoxyethanol,Steareth-20,Dmdm Hydantoin
SUNDAY RILEY,Luna Sleeping Night Oil,Persea Gratissima (Extra Virgin,Cold Pressed Avocado) Oil,Vitis Vinifera (Organic Cold Pressed Concord Grape) Seed Oil,Rubus Fruticosus (Cold Pressed Blackberry) Seed Oil,Salvia Hispanica (Cold Pressed Chia) Oil,Dimethyl Isosorbide,Hydroxypinacolone Retinoate,Chamomilla Recutita (Matricaria) Flower Oil,Tanecetum annuum (Blue Tansy) oil,Anthemis nobilis (English Chamomile) oil,Eriocephalus punctulatus (Cape Chamomile) oil,Citrus Aurantium Amara (Neroli) Oil,Citrus Aurantium Dulcis (Blood Orange) oil,Cananga Odorata Flower (Ylang Ylang) Oil,Vetivera zizanoides (Vetiver) oil,Helianthus Annuus (Sunflower) Seed Oil,Rosmarinus officinalis (Rosemary) Leaf Extract,CI 61565 (Green 6),CI 60725 (Violet 2)
SUNDAY RILEY,U.F.O. Ultra-Clarifying Face Oil,Silybum Marianum (Milk Thistle) Seed Oil,Nigella Sativa (Black Cumin) Seed Oil,Cucumis Sativus (Cucumber) Seed Oil,Diisopropyl Sebacate,Punica Granatum (Pomegranate) Seed Oil,Vaccinium Macrocarpon (Cranberry) Seed Oil,Dimethyl Isosorbide,Linum Usitatissimum (Flax) Seed Oil,Caprylic/Capric Triglycerides,Ethyl Linoleate,Hexylresorcinol,Glycyrrhiza Glabra (Licorice) Root Extract,Salicylic Acid,Prunus Armeniaca (Apricot) Kernel Oil,Chamomilla Recutita Flower Oil,Citrus Aurantium Amara (Neroli) Flower Oil,Melaleuca Alternifolia (Tea Tree) Leaf Oil,Helianthus Annuus Seed Oil,Rosmarinus Officinalis (Rosemary) Leaf Extract,Citrus Paradisii (Grapefruit) Peel Oil,Melia Azadirachta (Neem) Leaf Extract,Melia Azadirachta (Neem) Flower Extract,Coccinia Indica Fruit Extract,Amino Esters-1,Amber Leaf Extract,Solanum Melongena (Eggplant) Fruit Extract,Aloe Barbadensis Flower Extract,Lawsonia Inermis (Henna) Extract,Ocimum Sanctum Leaf Extract,Ocimum Basilicum (Basil) Leaf Extract,Curcuma Longa (Turmeric) Root Extract,Corallina Officinalis Extract,Simmondsia Chinensis (Jojoba) Seed Oil,Pearl Powder,Moringa Pterygosperma Seed Oil
SUNDAY RILEY,Tidal Brightening Enzyme Water Cream,Water,Hydrolyzed Jojoba Esters,Glycerin,Caprylic/Capric Triglyceride,Propanediol,Sodium Hyaluronate Crosspolymer,Pentylene Glycol,Tamarindus Indica (Tamarind) Seed Gum,Ethyl Macadamiate,Sodium Acrylates Copolymer,Lecithin,Isododecane,Adipic Acid/Neopentyl Glycol Crosspolymer,Lauryl Dimethicone,Hydrogenated Polyisobutene,Strelitzia Nicolai (Bird of Paradise flower) Seed Aril Extract,Alpha-Arbutin,Aesculus Hippocastanum (Horse Chestnut) seed extract,Hydrolyzed Hyaluronic Acid,Allantoin,Papain,Carbome 1 2-hexanediol,Caprylyl Glycol,Algin,Cucumis Sativus (Cucumber) Extract,Melia Azadirachta (Neem) Leaf Extract,Melia Azadirachta Flower (Neem) Extract,Amino Esters-1,Coccinia Indica Fruit Extract,Solanum Melongena (Eggplant) Fruit Extract,Aloe Barbadensis Flower Extract,Lawsonia Inermis Extract,Ocimum Sanctum Leaf (Holy Basil) Extract,Pearl Powder,Fragrance,Synthetic Fluorphlogopite,Titanium Dioxide,Phenoxyethanol,Chlorphenesin
SUNDAY RILEY,C.E.O. C + E antiOXIDANT Protect + Repair Moisturizer,Water,Squalane,Tetrahexyldecyl Ascorbate (Vitamin C),Dicaprylyl Carbonate,C10-18 Triglycerides,PEG-8 Beeswax,Hydrogenated Vegetable Oil,Tapioca Starch,PPG-12 SMDI Copolymer,Polyglyceryl-6 Distearate,Jojoba Esters,Cetyl Alcohol,Sodium Acrylates Copolymer,Polyglyceryl-3 Beeswax,Lecithin,Glycerin,Microcitrus Australasica Fruit (Lime Pearl) Extract,Butylene Glycol,Alteromonas Ferment Extract (Exopolysaccharides),Phenoxyethanol,Terminalia Ferdinandiana Fruit (Kakadu Plum) Extract,Bisabolol,Chlorphenesin,Caprylyl Glycol,Polymethylsilsesquioxane,Nylon-12,Citrus Reticulata (Tangerine) Peel Oil,Citric Acid,Sodium Phytate,Tocopherol,Sodium Hyaluronate,Fragrance,Rosa Centifolia Flower Wax,Rosa Damascena Flower Wax,Alcohol Denat (found in botanical extracts),Caprylic/Capric Triglyceride,Curcuma Longa (Turmeric) Root Extract,Citrus Junos Fruit (Yuzu) Extract,Lippia Citriodora Flower (Lemon Verbena) Extract,Euterpe Oleracea (Acai) Fruit,Butyrospermum Parkii (Shea) Butter Extract,Rosa Canina Fruit (Rosehips)Extract,Oenothera Biennis (Evening Primrose) Seed Extract,Camellia Sinensis Leaf (Oolong Tea)
SUNDAY RILEY,Saturn Sulfur Acne Treatment Mask,Water,Sulfur,Isoamyl Laurate,Cetyl Ethylhexanoate,Niacinamide,Gum Arabic,Bentonite,Hydroxyethyl Acrylate/Sodium Acryloyldimethyl Taurate Copolymer,Polyglyceryl-2 Caprate,Olive Oil Glyceryth-8 Esters,Zinc PCA,Allantoin,Dipotassium Glycyrrhizate,Melaleuca Alternifolia (Tea Tree) Leaf Oil,Leptospermum Scoparium (Manuka) Branch/Leaf Oil,Curcuma Longa (Turmeric) Root Extract,Corallina Officinalis Extract,Melia Azadirachta Leaf Extract,Amber Powder,Melia Azadirachta Flower Extract,Coccinia Indica Fruit Extract,Solanum Melongena (Eggplant) Leaf Extract,Ocimum Basilicum (Basil) Flower/Leaf Extract,Quartz,Polysorbate 60,Sorbitan Isostearate,Tocopherol,Disodium EDTA,Phenoxyethanol,Polysorbate 20,Alcohol Denat,Chlorphenesin,PEG-40 Hydrogenated Castor Oil,Caprylyl Glycol
SUNDAY RILEY,Ceramic Slip Clay Cleanser,Water,Cocamidopropyl Betaine,Cocopolyglucoside Tartrate,Sodium Cocopolyglucoside Citrate,Montmorillonite (French Green) Clay,Moroccan (Rhassoul) Lava Clay,Ascorbyl Palmitate (Vitamin C Ester),Citrus Aurantium (Neroli) Oil,Piper Nigrum (Black Pepper) Fruit Oil,Botswellia Carterii (Frankincense) Oil,Jasmine Officinale Oil,Santalum Album (Sandalwood) Oil,Xanthan Gum,Phenoxyethanol,Chlorphenesin,Caprylyl Glycol
SUNDAY RILEY,Juno Hydroactive Cellular Face Oil,Rubus Fruticosus (Cold Pressed Blackberry) Seed Oil,Vaccinium Corymbosum (Cold Pressed Blueberry) Seed Oil,Vitis Vinifera (Cold Pressed Chardonnay Grape Seed Oil) Seed Oil,Vaccinium Macrocarpon (Cold Pressed Cranberry) Seed Oil,Rubus Idaeus (Cold Pressed Red Raspberry) Seed Oil,Daucus Carota Sativa (Cold Pressed Wild Carrot) Seed Oil,Nigella Sativa (Cold Pressed Black Cumin) Seed Oil,Brassica Oleracea Italic (Cold Pressed Broccoli) Seed Oil,Limnanthes Alba (Meadowfoam) Seed Oil
SUNDAY RILEY,C.E.O. Rapid Flash Brightening Serum,Water,Tetrahexyldecyl Ascorbate,Squalane,PEG-8 Beeswax,Hydrogenated Polydecene,Polyglyceryl-6 Distearate,PPG-12/SMDI Copolymer,Phenoxyethanol,Acetamidoethoxyethanol,Jojoba Esters,Sodium Acrylate/Sodium Acryloyldimethyl Taurate Copolymer,Glycine Soja Sterols,Tocopherol,Glycolic Acid,Caprylyl Glycol,Sodium Phytate,Citrus Aurantium Dulcis (Sweet Orange) Oil,Chlorphenesin,Cera Alba,Glycerin,Isosqualane,C30 Hydrocarbons,Saccharide Isomerate
SUNDAY RILEY,Martian Mattifying Melting Water-Gel Toner,Water,Alcohol Denat,Dicaprylyl Carbonate,Dimethyl Isosorbide,Sorbeth-30 Tetraisostearate,Sorbitan Sesquiisostearate,PPG-8 Ceteth-20,Acrylates/Beheneth-25 Methacrylate Copolymer,Dipropylene Glycol,Taraktogenos Kurzii Seed Oil,Nigella Sativa (Black Cumin) Seed Oil,Leptospermum Scoparium (Manuka) Branch/Leaf Oil,Potassium Lauroyl Wheat Amino Acids,Palm Glycerides,Capryloyl Glycine,Magnolia Grandiflora Bark Extract,Lauryl Lactate,Phenoxyethanol,Caprylyl Glycol,Chlorphenesin,Tapioca Starch,Polymethylsilsesquioxane,Bentonite,Tapioca Starch,Polymethylsilsequioxane,Lauryl Lactate,Phenoxyethanol,Propanediol,Cucumis Sativus (Cucumber) Fruit Extract,Althaea Officinalis (Marshmallow) Root Extract,Hammamelis Virginiana (Witch Hazel) Leaf Extract,Camellia Sinensis (Green Tea) Leaf Extract,Cymbopogan Schoenanthus (Lemongrass) Oil,Chlorphenesin,Caprylyl Glycol,Triethanolamine,Melia Azadirachta Leaf Extract,Melia Azadirachta Flower Extract,Amino Esters-1,Mimosa Tenuiflora Bark Extract,Coccinia Indica Fruit Extract,Solanum Melongena (Eggplant) Fruit Extract,Aloe Barbadensis Flower Extract,Lawsonia Inermis (Henna) Extract,Ocimum Sanctum Leaf Extract,Curcuma Longa (Turmeric) Root Extract,Corallina Officinalis Extract,Ocimum Basilicum (Basil) Flower/Leaf Extract,Pearl Powder
SUNDAY RILEY,Flora Hydroactive Cellular Face Oil,Rosa Centifolia (French Rose De Mai) Oil,Rosa Damascena (Bulgarian Rose Otto) Oil,Rosa Damascena (Turkish Rose Otto) Oil,Pelargonium Graveolens (Rose Geranium) Oil,Cymbopogon Martini (Wildcrafted Palma Rosa) Oil],Persea Americana (Organic Avocado) Seed Oil,Punica Granatum (Organic Pomegranate) Seed Oil,Daucus Carota Sativa (Organic Wild Carrot) Seed Oil,Salvia Hispanica (Organic Chia) Seed Oil,Solanum Lycopersicum (Organic Tomato) Seed Oil,Rosa Mosqueta (Organic Rosehip) Seed Oil
SUNDAY RILEY,C.E.O. C + E Micro-Dissolve Cleansing Oil,Isoamyl Laurate,Sorbitan Oleate,Isostearyl Isostearate,Triethylhexanoin,PEG-10 Laurate,Caprylic/Capric Triglyceride,Aqua (Water),Decyl Glucoside,Propanediol,Polyglyceryl-2 Caprate,Squalane,Methylpropanediol,Citrus Reticulata (Tangerine) Peel Oil,Sodium Phytate,C30 Hydrocarbons,Phenoxyethanol,Tocopherol,Microcitrus Australasica (Lime Pearl) Fruit Extract,Salix Alba (Willow) Bark Extract,Curcuma Longa (Turmeric) Root Extract,Butyrospermum Parkii (Shea) Butter Extract,Alcohol Denat,Rosa Canina (Rosehips) Fruit Extract,Citrus Tangerina (Tangerine) Extract,Oenothera Biennis (Evening Primrose) Seed Extract,Nasturtium Officinale (Watercress) Extract,Camellia Sinensis (White Tea) Leaf Extract,Tetrahexyldecyl Ascorbate,Caprylyl Glycol
SUNDAY RILEY,Blue Moon Tranquility Cleansing Balm,Caprylic/Capric Triglyceride,Sucrose Laurate,Jojoba Esters,Acacia Decurrens Flower Wax,Glycerin,Helianthus Annuus (Sunflower) Seed Wax,Polyglycerin-3,Glyceryl behenate,C10-18 Triglycerides,Theobroma Cacao (Cocoa) Seed Butter,PEG-8 beeswax,Cetyl Alcohol,Ceteth-20,Steareth-20,Polyglyceryl-6,Polyglyceryl-3 Beeswaxl,Squalene,Tangerine (Citrus Tangerina) Oil,Citrus sinensis (Sweet Orange) Oil,Tanacetum annuum (Blue Tansy) Leaf Oil,Matricaria recutita (German Chamomile) Essential Oil,Vanilla planifolia fruit extract,Ylang ylang (Canaga Odorata) Flower Oil,Citrus aurantium var. Amara (Neroli) Flower Oil,Anthemis nobilis (Chamomile Roman) Flower Oil,Phenoxyethanol,Moringa Oil/ Hydrogenated Moringa Oil Esters (Moringa Butter),Chlorphenesin,Caprylyl Glycol
TATCHA,The Water Cream,Water,Saccharomyces/Camellia Sinensis Leaf/Cladosiphon Okamuranus/Rice Ferment Filtrate,Dimethicone,Propanediol,Glycerin,Diglycerin,Diphenylsiloxy Phenyl Trimethicone,Gold,Belamcanda Chinensis Root Extract,Rosa Multiflora Fruit Extract,Houttuynia Cordata Extract,Sophora Angustifolia Root Extract,Sodium Hyaluronate,Lecithin,Pistacia Lentiscus (Mastic) Gum,Sodium Chloride,Sodium Citrate,Mica,Peg-9 Polydimethylsiloxyethyl Dimethicone,Dimethicone/Peg-10/15 Crosspolymer,Dimethicone/Phenyl Vinyl Dimethicone Crosspolymer,Disodium Edta,Tin Oxide,Titanium Dioxide,Butylene Glycol,Ethylhexylglycerin,Parfum/Fragrance,Alcohol,Phenoxyethanol
TATCHA,Pure One Step Camellia Cleansing Oil,Cetyl Ethylhexanoate,Oryza Sativa (Rice) Bran Oil,Polyglyceryl-10 Dioleate,Polyglyceryl-2 Sesquicaprylate,Camellia Japonica Seed Oil,Camellia Sinensis (Green Tea) Leaf Extract,Algae Extract,Water,Glyceryl Behenate/Eicosadioate,Glycerin,Ethylhexylglycerin,Fragrance (Natural),Alcohol,Phenoxyethanol
TATCHA,Luminous Dewy Skin Mist,Water,Glycerin,Squalane (Olive Origin),Cyclopentasiloxane,Propanediol,Triethylhexanoin,Camellia Japonica Seed Oil,Inositol (Rice Extract),Algae Extract,Sericin (Silk Extract),Glycyrrhiza glabra (Licorice) Root Extract,Oryza Sativa (Rice) Germ Oil,Camellia Sinensis (Green Tea) Leaf Extract,Chondrus Crispus (Red algae) Extract,Panax Ginseng Root Extract,Royal Jelly Extract,ziziphus jujuba fruit extract,Thymus Serpillum (Thyme) Extract,Scutellaria Baicalensis Root Extract,Polyglyceryl-2 diisostearate,Ppg-5-Ceteth-10 Phosphate,Trideceth-12,Sodiumlauroyl Lactylate,Sorbitan Stearate,Ethylhexylglycerin,Behenyl Alcohol,Glyceryl Stearate Se,Fragrance,Sodium Hyaluronate,Alcohol,Phenoxyethanol
TATCHA,Rice Enzyme Powder,Oryza Sativa (rice) Powder,Microcrystalline Cellulose,Potassium Myristate,Cellulose,Water,Papain (papaya Extract),Camellia Sinensis (green Tea) Leaf Extract,Hydrolyzed Conchiolin (pearl) Protein,Oryza Sativa (rice) Bran,Algae Extract,Glycerin,Dextrin,Potassium Sorbate,Sodium Benzoate,Alcohol,Phenoxyethanol
TATCHA,The Silk Cream,Water,Saccharomyces/Camellia Sinensis Leaf/Cladosiphon Okamuranus/Rice Ferment Filtrate,Glycerin,Propanediol,Cyclopentasiloxane,Squalane,Isononyl Isononanoate,Inositol,Sericin,Hydrolyzed Silk,Hydrolyzed Conchiolin Protein,Rubus Ellipticus Root Extract,Oryza Sativa (Rice) Germ Oil,Panax Ginseng Root Extract,Royal Jelly Extract,Thymus Serpyllum Extract,Caprylic/Capric Triglyceride,Sorbitan Stearate,Behenyl Alcohol,Stearic Acid,Hydrogenated Lecithin,Polyglyceryl-2 Triisostearate,Batyl Alcohol,Ethylhexylglycerin,Arginine,Bis-Behenyl/Isostearyl/Phytosteryl Dimer Dilinoleyl Dimer Dilinoleate,Carbomer,Xanthan Gum,Biosaccharide Gum-1,Sodium Hyaluronate,Parfum/Fragrance,Butylene Glycol,Alcohol,Phenoxyethanol
TATCHA,Violet-C Radiance Mask,Kaolin,Water,Glycerin,Saccharomyces/Camellia Sinensis Leaf/Cladosiphon Okamuranus/Rice Ferment Filtrate,Propanediol,Oryza Sativa (Rice) Germ Oil,Cetearyl Alcohol,Butylene Glycol,Mica,Ascorbyl Tetraisopalmitate,Bis-Glyceryl Ascorbate,Pyrus Malus (Apple) Fruit Extract,Citrus Paradisi (Grapefruit) Fruit Extract,Citrus Aurantium Dulcis (Orange) Juice,Citrus Limon (Lemon) Juice,Citrus Aurantifolia (Lime) Juice,Callicarpa Japonica Fruit Extract,Ziziphus Jujuba Fruit Extract,Crataegus Cuneata Fruit Extract,Glyceryl Stearate,Cellulose Gum,Dimethicone,Sodium Stearoyl Glutamate,Polymethyl Methacrylate,Disodium EDTA,Ethylhexylglycerin,Fragrance,Phenoxyethanol [+/- Titanium Dioxide (Ci 77891),Tin Oxide (Ci 77861),Violet 2 (Ci 60725),Carmine (Ci 75470),Ferric Ferrocyanide (Ci 77510)]
TATCHA,The Essence Plumping Skin Softener,Saccharomyces/Camellia Sinensis Leaf/Cladosiphon Okamuranus/Rice Ferment Filtrate,Propanediol,Soy Amino Acids,Yeast Extract,Water,Ethylhexylglycerin,Sodium Dilauramidoglutamide Lysine,Phenoxyethanol
TATCHA,Luminous Dewy Skin Night Concentrate,Water,Glycerin,Propanediol,Squalane,Cyclopentasiloxane,Triethylhexanoin,Panax Ginseng Root Extract,Origanum Majorana Leaf Extract,Ziziphus Jujuba Fruit Extract,Thymus Serpyllum Extract,Royal Jelly Extract,Stearyl Glycyrrhetinate,Camellia Sinensis Leaf Extract,Algae Extract,Scutellaria Baicalensis Root Extract,Oryza Sativa (Rice) Germ Oil,Camellia Japonica Seed Oil,Sericin,Inositol,Glyceryl Stearate Se,Polyglyceryl-2 Diisostearate,Ppg-5-Ceteth-10 Phosphate,Sodium Lauroyl Lactylate,Sorbitan Stearate,Trideceth-12,Ethylhexylglycerin,Peg-240/Hdi Copolymer Bis-Decyltetradeceth-20 Ether,Butylene Glycol,Behenyl Alcohol,Parfum/Fragrance,Alcohol,Phenoxyethanol
TATCHA,Luminous Deep Hydration Firming Eye Serum,Water,Glycerin,Propanediol,Peg-400,Squalane (Olive Origin),Sericin (Silk Extract),Camellia Sinensis (Green Tea) Leaf Extract,Origanum Majorana Leaf Extract,Panax Ginseng Root Extract,Lonicera Japonica (Honeysuckle) Leaf Extract,Stearyl Glycyrrhetinate (Licorice),Caffeine,Royal Jelly Extract,Thymus Serpillum Extract,Gold,Algae Extract,Hydrolyzed Hyaluronic Acid,Persea Gratissima (Avocado) Oil,Prunus Armeniaca (Apricot) Kernel Oil,Rosa Canina Fruit Oil,Inositol (Rice Extract),Helianthus Annuus (Sunflower) Seed Oil,Hydrogenated Lecithin,Sodium Hyaluronate Crosspolymer,Glycosyl Trehalose,Hydrogenated Starch Hydrolysate,Potassium Hydroxide,Sodium Dilauramidoglutamide Lysine,Natto Gum,Xanthan Gum,Disodium Edta,Sorbitan Stearate,Dimethicone,Dipentaerythrityl Hexahydroxystearate,Carbomer,Mica,Tin Oxide,Titanium Dioxide,Butylene Glycol,Pentylene Glycol,Sodium Chloride,Ethylhexylglycerin,Behenyl Alcohol,Alcohol,Phenoxyethanol
TATCHA,Camellia Gold Spun Lip Balm,Squalane (Olive Origin),Dimer Dilinoleyl Dimer Dilinoleate,Dextrin Palmitate,Fragrance (Natural),Dextrin Palmitate/Ethylhexanoate,Polyglyceryl-10 Pentaisostearate,Oryza Sativa (Rice) Germ Oil,Camellia Japonica Seed Oil,Water,Stearyl Glycyrrhetinate (licorice),Oryzanol (Rice Bran Oil Extract),Hydrogenated Lecithin (Soy Origin),Inositol (Rice Extract),Camellia Sinensis (Green Tea) Leaf Extract,Alcohol,Glycerin,Algae Extract,Gold
TATCHA,Luminous Deep Hydration Lifting Mask,Water,Glycerin,Propanediol,Methyl Gluceth-20,Alcohol,Camellia Sinensis (Green Tea) Leaf Extract,Inositol (Rice Extract),Algae Extract,Sericin (Silk Extract),Panax Ginseng Root Extract,Royal Jelly Extract,Chondrus Crispus (Red Algae) Extract,Thymus Serpillum (Thyme) Extract,Ppg-6-Decyltetradeceth-20,Ethylhexylglycerin,Polyglyceryl-10eicosanedioate/Tetradecanedioate,Polyglyceryl-10 Isostearate,Xanthan Gum,Sodium Hyaluronate,Fragrance (Natural),Phenoxyethanol
TATCHA,Polished Classic Rice Enzyme Powder,Oryza Sativa (rice) Powder,Microcrystalline Cellulose,Potassium Myristate,Cellulose,Water,Papain (papaya Extract),Camellia Sinensis (green Tea) Leaf Extract,Hydrolyzed Conchiolin (pearl) Protein,Oryza Sativa (rice) Bran,Algae Extract,Glycerin,Dextrin,Potassium Sorbate,Sodium Benzoate,Alcohol,Phenoxyethanol
TATCHA,Gold Camellia Beauty Oil,Caprylic/Capric Triglyceride,Ethylhexyl Palmitate,Squalane (Olive Origin),Camellia Japonica Seed Oil,Fragrance (Natural),Polyglyceryl-10 Pentaisostearate,Dimer Dilinoleyl Dimer Dilinoleate,Phytosteryl Macadamiate (Macadamia),Oryza Sativa (Rice) Germ Oil,Water,Tocopherol,Stearyl Glycyrrhetinate (licorice),Oryzanol (Rice Bran Oil Extract),Inositol (Rice Extract),Camellia Sinensis (Green Tea) Leaf Extract,Alcohol,Glycerin,Algae Extract,Gold,Phenoxyethanol
TATCHA,The Water Gel,Water,Glycerin,Propanediol,Rosa Multiflora Fruit Extract,Camellia Sinensis Leaf Extract,Inositol,Chamomilla Recutita (Matricaria) Flower Extract,Sophora Angustifolia Root Extract,Belamcanda Chinensis Root Extract,Houttuynia Cordata Extract,Sericin,Stearyl Glycyrrhetinate,Algae Extract,Gold,Hydrogenated Lecithin,Squalane,Lecithin,Pistacia Lentiscus (Mastic) Gum,Sodium Dilauramidoglutamide Lysine,Mica,Silica,Xanthan Gum,Bis-Peg-18 Methyl Ether Dimethyl Silane,Ammonium Acryloyldimethyltaurate/Carboxyethyl Acrylate Crosspolymer,Hdi/Trimethylol Hexyllactone Crosspolymer,Polyglyceryl-10 Myristate,Disodium Edta,Tin Oxide,Titanium Dioxide,Peg-400,Butylene Glycol,Ethylhexylglycerin,Alcohol,Phenoxyethanol
TATCHA,Luminous Deep Hydration Firming Serum,Water,Glycerin,Propanediol,Chondrus Crispus (Red Algae) Extract,Alcohol,Methyl Gluceth-20,Polyglyceryl-10 Eicosanedioate/Tetradecanedioate,Camellia Sinensis Leaf (Green Tea) Extract,Gold,Algae Extract,Sodium Hyaluronate,Carrageenan (Red Algae Origin),Lycium Barbarum Fruit Extract,Stearyl Glycyrrhetinate (licorice),Inositol (Rice Extract),Royal Jelly Extract,Sericin (Silk Extract),Squalane (Olive Derived),Chamomilla Recutita (Matricaria) Flower Extract,Hydrogenated Lecithin (Soy Derived),Xanthan Gum,Hydroxyethylcellulose,Silica,Sodium Dilauramidoglutamide Lysine,Titanium Dioxide,Synthetic Fluorphlogopite,Polyglyceryl-10 Myristate,Disodium Edta,Hdi/Trimethylol Hexyllactone Crosspolymer,Ethylhexylglycerin,Fragrance (Natural),Phenoxyethanol
TATCHA,Indigo Soothing Triple Recovery Cream,Water,Squalane,Glycerin,Propanediol,Cyclopentasiloxane,Diisostearyl Malate,Oryza Sativa (Rice) Bran Wax,Xylitol,Behenyl Alcohol,Polygonum Tinctorium Leaf/Stem Extract,Indigofera Tinctoria Leaf Extract,Avena Sativa (Oat) Kernel Extract,Camellia Sinensis Leaf Extract,Cocos Nucifera (Coconut) Oil,Sophora Japonica Flower Extract,Prunus Lannesiana Flower Extract,Oryza Sativa (Rice) Germ Oil,Inositol,Sericin,Tetrasodium Tetracarboxymethyl Naringeninchalcone,Chondrus Crispus Extract,Amorphophallus Konjac Root Powder,Sodium Hyaluronate,Dextrin,Sorbitan Tristearate,Trihydroxystearin,Dimethicone,Dimethicone/Vinyl Dimethicone Crosspolymer,Beheneth-20,Bis-Diglyceryl Polyacyladipate-2,Ethylhexylglycerin,Sodium Dilauramidoglutamide Lysine,Disodium Edta,Ethylhexyl Palmitate,Sodium Acrylate/Acryloyldimethyltaurate/Dimethylacrylamide Crosspolymer,Calcium Carbonate,Phenoxyethanol,Titanium Dioxide (Ci 77891),Tin Oxide (Ci 77861),Mica (Ci 77019)
TATCHA,Gold Camellia Nourishing Lip Balm,Squalane (Olive Origin),Dimer Dilinoleyl Dimer Dilinoleate,Dextrin Palmitate,Fragrance (Natural),Dextrin Palmitate/Ethylhexanoate,Polyglyceryl-10 Pentaisostearate,Oryza Sativa (Rice) Germ Oil,Camellia Japonica Seed Oil,Water,Stearyl Glycyrrhetinate (licorice),Oryzanol (Rice Bran Oil Extract),Hydrogenated Lecithin (Soy Origin),Inositol (Rice Extract),Camellia Sinensis (Green Tea) Leaf Extract,Alcohol,Glycerin,Algae Extract,Gold
TATCHA,Luminous Deep Hydration Revitalizing Eye Mask,Water,Glycerin,Propanediol,Chondrus Crisrus (Red Algae) Extract,Methyl Gluceth-20,Camellia Sinensis (Green Tea) Leaf Extract,Algae Extract,Royal Jelly Extract,Sericin (Silk Extract),Inositol (Rice Extract),Coix Lacryma-Jobi Ma Yuen Seed Extract,Lonicera Japonica (Honeysuckle) Leaf Extract,Paeonia Albiflora Root (Peony) Extract,Dipotassium Glycyrrhizate (licorice),Chamomilla Recutita (Matricaria) Flower Extract,Squalane (Olive Origin),Stearyl Glycyrrhetinate (Licorice),Hydrogenated Lecithin (Soy Origin),Carrageenan,Ppg-6-Decyltetradeceth-30,Polyglyceryl-10 Myristate,Polyglyceryl-10 Eicosanedioate/Tetradecanedioate,Sodium Hyaluronate,Sodium Dilauramidoglutamide Lysine,Ethylhexylglycerin,Fragrance (Natural),Alcohol,Phenoxyethanol
TATCHA,Silken Pore Perfecting Sunscreen Broad Spectrum SPF 35 PA+++,Zinc Oxide 15%,Octisalate 5%,Water,Isododecane,Cyclopentasiloxane,Propanediol,Hdi/Trimethylol Hexyllactone Crosspolymer,Glycerin,Dimethicone,Octyldodecyl Neopentanoate,Behenyl Alcohol,Dimethicone/Vinyl Dimethicone Crosspolymer,Rosa Multiflora Fruit Extract,Eriobotrya Japonica Leaf Extract,Stearyl Glycyrrhetinate,Glycyrrhiza Inflata Root Extract,Camellia Sinensis Leaf Extract,Pistacia Lentiscus (Mastic) Gum,Sericin,Algae Extract,Lecithin,Inositol,Polyhydroxystearic Acid,Sorbitan Tristearate,Sodium Dilauramidoglutamide Lysine,Silica,Potassium Sorbate,Beheneth-20,Sodium Acrylate/Acryloyldimethyltaurate/Dimethylacrylamide Crosspolymer,Polymethylsilsesquioxane,Methicone,Trimethylsiloxysilicate,Dimethiconol,Disodium Edta,Fragrance,Ethylhexylglycerin,Alcohol,Phenoxyethanol,Iron Oxides (Ci77491),Tin Oxide (Ci 77861),Mica (Ci 77019),Titanium Dioxide (Ci 77891)
KIEHL'S,Ultra Facial Cream,Water,Glycerin,Cyclohexasiloxane,Squalane,Bis-Peg-18 Methyl Ether Dimethyl Silane,Sucrose Stearate,Stearyl Alcohol,Peg-8 Stearate,Urea,Myristyl Myristate,Pentaerythrityl Tetraethylhexanoate,Prunus Armeniaca Kernel Oil,Phenoxyethanol,Persea Gratissima Oil,Olea Europaea Oil,Oryza Sativa Bran Oil,Cetyl Alcohol,Glyceryl Stearate,Imperata Cylindrica Root Extract,Stearic Acid,Methylparaben,Chlorphenesin,Palmitic Acid,Disodium Edta,Acrylates/C10-30 Alkyl Acrylate Crosspolymer,Propylparaben,Carbomer,Triethanolamine,Prunus Amygdalus Dulcis Oil,Xanthan Gum,Sodium Hydroxide,Tocopherol,Pseudoalteromonas Ferment Extract,Hydroxypalmitoyl Sphinganine,Caprylyl Glycol
KIEHL'S,Creamy Eye Treatment with Avocado,Water,Butyrospermum Parkii Butter/Shea Butter,Butylene Glycol,Tridecyl Stearate,Isodecyl Salicylate,Peg-30 Dipolyhydroxystearate,Tridecyl Trimellitate,Persea Gratissima Oil/Avocado Oil,Isocetyl Stearoyl Stearate,Propylene Glycol,Dipentaerythrityl Hexacaprylate/Hexacaprate,Sorbitan Sesquioleate,Magnesium Sulfate,Phenoxyethanol,Hydrogenated Castor Oil,Sodium Pca,Ozokerite,Methylparaben,Tocopheryl Acetate,Isopropyl Palmitate,Disodium Edta,Copper Pca,Butylparaben,Ethylparaben,Propylparaben,Zea Mays Oil/Corn Oil,Beta-Carotene
KIEHL'S,Midnight Recovery Concentrate,Caprylic/Capric Triglyceride Dicaprylyl Carbonate Squalane Rosa Canina Fruit Oil Oenothera Biennis Oil/Evening Primrose Oil simmondsia chinensis (jojoba) seed oil Coriandrum Sativum Oil/Coriander Seed Oil Tocopherol Lavandula Angustifolia Oil/Lavender Oil Pelargonium Graveolens Flower Oil Linalool Rosmarinus Officinalis Leaf Oil/Rosemary Leaf Oil Citronellol Geraniol Lavandula Hybrida Oil Cucumis Sativus Extract/Cucumber Fruit Extract Curcuma Longa Extract/Turmeric Root Extract Limonene Citral Sclareolide Rosa Spp/Rose Flower Oil Jasminum Officinale Extract/Jasmine Extract Helianthus Annuus Seed Oil/Sunflower Seed Oil
KIEHL'S,Midnight Recovery Eye,Water,Helianthus Annuus Seed Oil/Sunflower Seed Oil,simmondsia chinensis (jojoba) seed oil,Prunus Armeniaca Kernel Oil/Apricot Kernel Oil,Squalane,Alcohol Denat,Cetearyl Alcohol,Glyceryl Stearate,Stearyl Alcohol,Cetearyl Glucoside,Oenothera Biennis Oil/Evening Primrose Oil,Butyrospermum Parkii Butter/Shea Butter,Lithium Magnesium Sodium Silicate,Phenoxyethanol,Chlorphenesin,Xanthan Gum,Ruscus Aculeatus Extract/Ruscus Aculeatus Root Extract,Aloe Barbadensis/Aloe Barbadensis Leaf Juice Powder,Tocopherol,Lavandula Angustifolia Oil/Lavender Oil,Adenosine,Rosmarinus Officinalis Leaf Oil/Rosemary Leaf Oil,Pelargonium Graveolens Flower Oil,Citronellol,Lavandula Hybrida Oil,Geraniol,Linalool,Cucumis Sativus Extract/Cucumber Fruit Extract,Curcuma Longa Extract/Turmeric Root Extract,Sclareolide,Rosa Spp/Rose Flower Oil,Jasminum Officinale Extract/Jasmine Extract
KIEHL'S,Clearly Corrective™ Dark Spot Solution,Water,Propylene Glycol,Glycerin,Alcohol Denat,Peg/Ppg/Polybutylene Glycol-8/5/3 Glycerin,Hydroxypropyl Tetrahydropyrantriol,3-O-Ethyl Ascorbic Acid,Ppg-6-Decyltetradeceth-30,Phenoxyethanol,Salicylic Acid,Xanthan Gum,Hydroxyethylcellulose,Potassium Hydroxide,Citric Acid,Sodium Citrate,Tocopheryl Acetate,Lavandula Angustifolia Oil/Lavender Oil,Disodium EDTA,Linalool,Citrus Tachibana/Citrus Aurantium Tachibana Peel Extract,Paeonia Suffruticosa Extract/Paeonia Suffruticosa Root Extract
KIEHL'S,Rare Earth Deep Pore Cleansing Mask,Water,Kaolin,Bentonite,Propanediol,Glycerin,Ci 77891/Titanium Dioxide,Caprylic/Capric Triglyceride,Cetearyl Alcohol,Zea Mays Starch/Corn Starch,Phenoxyethanol,Ceteareth-20,Caprylyl Glycol,Xanthan Gum,Ethylhexylglycerin,Tocopherol,Lecithin,Aloe Barbadensis/Aloe Barbadensis Leaf Juice,Avena Sativa Flour/Oat Kernel Flour,Allantoin
KIEHL'S,Ultra Facial Cleanser,Water,Sodium Laureth Sulfate,Decyl Glucoside,Glycerin,Cocamidopropyl Betaine,Disodium Cocoamphodiacetate,Acrylates Copolymer,Peg-200 Hydrogenated Glyceryl Palmate,Lauryl Glucoside,Sodium Chloride,Pentylene Glycol,Triethanolamine,Phenoxyethanol,Peg-7 Glyceryl Cocoate,Distearyl Ether,Behenyl Alcohol,Methylparaben,Laureth-2,Propylparaben,Sodium Methylparaben,Squalane,Sweet Almond Oil,Apricot Kernel Oil,Tocopherol,Ascorbyl Glucoside,Avocado Oil,Sodium Hydroxide,Citric Acid
KIEHL'S,Hydro-Plumping Re-Texturizing Serum Concentrate,Water,Glycerin,Dimethicone,Propanediol,Dimethicone/Peg-10/15 Crosspolymer,Polymethylsilsesquioxane,Sodium Chloride,Phenoxyethanol,Butylene Glycol,Chlorphenesin,Sodium Citrate,P-Anisic Acid,Disodium EDTA,Peg-10 Dimethicone,Sodium Hydroxide,Adenosine,Perilla Ocymoides Extract/Perilla Ocymoides Leaf Extract,Citric Acid
KIEHL'S,Ultra Facial Cream SPF 30,Avobenzone 3%,Homosalate 5%,Octisalate 5%,Octocrylene 7%,Water,Glycerin,Squalane,Dimethicone,Peg-100 Stearate,Glyceryl Stearate,Silica,Octyldodecanol,Stearic Acid,Phenoxyethanol,Palmitic Acid,Tocopherol,Dicaprylyl Carbonate,Steareth-100,Acrylates/C10-30 Alkyl Acrylate Crosspolymer,Ophiopogon Japonicus Root Extract,Carbomer,Chlorphenesin,Capryloyl Salicylic Acid,Caprylyl Glycol,Xanthan Gum,Dimethicone/Vinyl Dimethicone Crosspolymer,Disodium Edta,Sodium Hydroxide,Citrus Aurantium Dulcis (Orange) Peel Oil,Limonene,Ectoin,Hydrolyzed Hyaluronic Acid,Myristic Acid,Mentha Piperita (Peppermint) Oil,Pseudoalteromonas Ferment Extract,Ethylhexylglycerin,Linalool,Salicylic Acid
KIEHL'S,Super Multi-Corrective Cream,Water,Glycerin,Dicaprylyl Ether,Shea Butter,Hydroxypropyl Tetrahydropyrantriol,Isononyl Isononanoate,Isopropyl Isostearate,Propylene Glycol,Sodium Tetrahydrojasmonate,Cetyl Alcohol,Dimethicone,Behenyl Alcohol,Dipropylene Glycol,Stearic Acid,Glyceryl Stearate,Palmitic Acid,Phenoxyethanol,Cetearyl Alcohol,Carbomer,Arachidyl Alcohol,Caprylyl Glycol,Peg-100 Stearate,Xanthan Gum,Sodium Hydroxide,Cetearyl Glucoside,Stearyl Alcohol,Hydrolyzed Hyaluronic Acid,Disodium Edta,Rosemary Leaf Oil,Adenosine,Limonene,Pelargonium Graveolens Flower Oil,Lavandula Hybrida Oil,Cucumber Fruit Extract,Turmeric Root Extract,Sclareolide,Rose Flower Oil,Jasmine Extract,Citric Acid
KIEHL'S,Powerful-Strength Line-Reducing Concentrate,Propylene Glycol,Cyclopentasiloxane,Ascorbic Acid,Glycerin,Cetyl Peg/Ppg-10/1 Dimethicone,Dimethicone Crosspolymer,Lauroyl Lysine,Acrylates Copolymer,Adenosine
KIEHL'S,Calendula Deep Clean Foaming Face Wash,Water,Sodium Cocoyl Glycinate,Coco-Betaine,Glycerin,Acrylates Copolymer,Sodium Chloride,Phenoxyethanol,Prunus Armeniaca Seed Powder/Apricot Seed Powder,Sodium Hydroxide,Fragrance,Chlorphenesin,Salicylic Acid,Hexyl Cinnamal,Linalool,Methylisothiazolinone,Citric Acid
KIEHL'S,Breakout Control Targeted Acne Spot Treatment,Water,Alcohol Denat,Glycerin,Butylene Glycol,Methyl Methacrylate Crosspolymer,Ammonium Polyacryloyldimethyl Taurate,Perlite,Nylon-12,Dipropylene Glycol,Xanthan Gum,Peumus Boldus Leaf Extract,Boswellia Serrata Extract,Hamamelis Virginiana (Witch Hazel) Water,T-Butyl Alcohol,Camphor,Menthol,Zingiber Officinale (Ginger) Root Extract,Sanguisorba Officinalis Root Extract,Cinnamomum Cassia Bark Extract,Phenoxyethanol,Cinnamal,Laminaria Saccharina Extract,Zinc Sulfate,Pyridoxine Hcl,Sodium Hydroxide,Citric Acid
KIEHL'S,Daily Reviving Concentrate,Caprylic/Capric Triglyceride,Dicaprylyl Ether,Dicaprylyl Carbonate,Squalane,Canola Oil Sunflower Seed Oil Unsaponifiables,Tocopherol,Limonene,Orange Peel Oil,Coriander Seed Oil,Calophyllum Inophyllum Seed Oil,Rosa Rubiginosa Seed Oil,Grapefruit Peel Oil,Ginger Root Oil,Linalool,Citral,Geraniol,Acerola Fruit Extract
KIEHL'S,Rare Earth Deep Pore Daily Cleanser,Water,Kaolin,Glycerin,Alcohol Denat,Sodium Cocoyl Glycinate,Coco-Betaine,Acrylates Copolymer,Sodium Chloride,Ci 77891/Titanium Dioxide,Solum Diatomeae/Diatomaceous Earth,Phenoxyethanol,Peg-14m,Glycol Distearate,Sodium Benzoate,Aloe Barbadensis/Aloe Barbadensis Leaf Juice,Salicylic Acid,Avena Sativa Flour/Oat Kernel Flour,Tocopherol,Sodium Hydroxide,Allantoin
KIEHL'S,Turmeric & Cranberry Seed Energizing Radiance Mask,Water,Kaolin,Sorbitol,Bentonite,Butylene Glycol,Silica,Ci 77891/Titanium Dioxide,Vaccinium Macrocarpon (Cranberry) Seed,Pentylene Glycol,1 2-hexanediol,Jojoba Seed Oil,Caprylyl Glycol,Xanthan Gum,Polysorbate 60,Polyacrylamide,Ci 77492/Iron Oxides,Glycerin,C13-14 Isoparaffin,Turmeric Root Extract,Ascorbyl Glucoside,Trisodium Ethylenediamine Disuccinate,Laureth-7,Eucalyptus Globulus Leaf Oil,Camellia Oleifera Leaf Extract,Peppermint Leaf Extract,Menthol,Epilobium Angustifolium Extract - Epilobium Angustifolium Flower/Leaf/Stem Extract,Aminomethyl Propanol,Vaccinium Macrocarpon (Cranberry) Seed Oil
KIEHL'S,Ultra Facial Overnight Hydrating Mask,Water Glycerin,Propylene Glycol,Squalane,Shea Butter,Triethanolamine,Carbomer,Urea,Dimethicone,Hydroxyethylpiperazine Ethane Sulfonic Acid,Phenoxyethanol,Caprylyl Glycol,Imperata Cylindrica Root Extract,Ophiopogon Japonicus Root Extract,Sodium Citrate,Citric Acid,Aluminum Starch Octenylsuccinate,Chlorphenesin,Pseudoalteromonas Ferment Extract,Disodium Edta,Acrylates/C10-30 Alkyl Acrylate Crosspolymer
KIEHL'S,Midnight Recovery Botanical Cleansing Oil,Ethylhexyl Palmitate,Zea Mays Germ Oil/Corn Germ Oil,Isopropyl Myristate,Caprylic/Capric Triglyceride,Polyglyceryl-10 Dioleate,Polyglyceryl-6 Dicaprate,Oenothera Biennis Oil/Evening Primrose Oil,Polyglyceryl-2 Oleate,Squalane,Coriandrum Sativum Seed Oil/Coriander Seed Oil,Phenoxyethanol,Lavandula Angustifolia Oil/Lavender Oil,Isopropyl Lauroyl Sarcosinate,Dicaprylyl Ether,Dicaprylyl Carbomate,Geranium Maculatum Oil,Rosmarinus Officinalis Leaf Oil/Rosemary Leaf Oil,Linalool,Tocopherol,Citronellol,Geraniol,Limonene,Glycine Soja Oil/Soybean Oil,Glyceryl Stearate Citrate
KIEHL'S,Clearly Corrective™ Skin Brightening Exfoliator,Water,Myristic Acid,Glycerin,Peg-8,Stearic Acid,Potassium Hydroxide,Polyethylene,Palmitic Acid,Glyceryl Stearate Se,Lauric Acid,Coco-Glucoside,Phenoxyethanol,Polyquaternium-7,Lavender Oil,Hydroxypropyl Tetrahydropyrantriol,Tetrasodium Edta,Propylene Glycol,Linalool,Sodium Benzoate,2-Oleamido-1,3-Octadecanediol,Citrus Aurantium Tachibana Peel Extract,Paeonia Suffruticosa Root Extract
KIEHL'S,Ultra Facial Moisturizer,Water Squalane,Glycerin,Peg-100 Stearate,Glyceryl Stearate,Butylene Glycol,Triethanolamine,Phenoxyethanol,Sorbitan Oleate,Carbomer,Methylparaben,Propylparaben,Stearic Acid,Beeswax,Myristyl Alcohol,Sweet Almond Oil,Apricot Kernel Oil,Tocopherol,Avocado Oil
KIEHL'S,Ultra Facial Oil-Free Gel-Cream,Water,Glycerin,Alcohol Denat,Dimethicone,Isononyl Isononanoate,Carbomer,Imperata Cylindrica Root Extract,Dimethiconol,Caprylyl Glycol,Chlorphenesin,Sodium Hydroxide,Xanthan Gum,Pseudoalteromonas Ferment Extract,Tetrasodium Edta,Tocopheryl Acetate,Menthoxypropanediol,Phenoxyethanol,Biosaccharide Gum-1,Acrylates/C10-30 Alkyl Acrylate Crosspolymer
KIEHL'S,Calendula & Aloe Soothing Hydration Mask,Water,Glycerin,Aloe Barbadensis Leaf Juice,Butylene Glycol,Ppg-26-Buteth-26,Peg-40 Hydrogenated Castor Oil,Glyceryl Acrylate/Acrylic Acid Copolymer,Carbomer,Calendula Officinalis Flower,Phenoxyethanol,Limonene,Calendula Officinalis Flower Extract,Ethylhexylglycerin,Citrus Limon Peel Oil/Lemon Peel Oil,Paeonia Suffruticosa Root Extract,Scutellaria Baicalensis Root Extract,Sodium Hydroxide,Citrus Aurantium Dulcis (Orange) Peel Oil,Tocopheryl Acetate,Cassia Angustifolia Seed Polysaccharide,Pelargonium Graveolens Flower Oil,Anthemis Nobilis Flower Oil,Citral,Citric Acid,Potassium Sorbate,Artemisia Absinthium Extract,Sodium Benzoate,Tocopherol
KIEHL'S,Super Fluid UV Defense Sunscreen Broad Spectrum SPF 50+,Avobenzone 3%,Homosalate 10.72%,Octisalate 3.21%,Octocrylene 6%,Oxybenzone 3.86%,Water,Cyclopentasiloxane,Alcohol Denat,Silica,Dicaprylyl Ether,Styrene/Acrylates Copolymer Peg-30 Dipolyhydroxystearate,Dimethicone,Cyclohexasiloxane,Polymethylsilsesquioxane,Nylon-12,Dicaprylyl Carbonate,Phenoxyethanol,Lauryl Peg/Ppg-18/18 Methicone,Sodium Chloride,Caprylyl Glycol,Peg-8 Laurate,Poly C10-30 Alkyl Acrylate,Disteardimonium Hectorite,Tocopherol,Isostearyl Alcohol,P-Anisic Acid,Disodium Edta,Dodecene,Poloxamer 407
KIEHL'S,Kiehl's Lip Balm #1,Petrolatum,Squalane,Lanolin,Petrolatum,Squalane,Lanolin,Wheat Germ Oil,Pentylene Glycol,Tocopherol,Caprylyl Glycol,Pentaerythrityl Tetra-Di-T-Butyl Hydroxyhydrocinnamate,Allantoin,Aloe Barbadensis Extract/Aloe Barbadensis Leaf Extract
KIEHL'S,Ultra Facial Moisturizer SPF 30,Avobenzone 3%,Homosalate 7%,Octisalate 5%,Octocrylene 5%,Water,Propylene Glycol,Dicaprylyl Ether,Glycerin,Peg-100 Stearate,Glyceryl Stearate,Squalane,Hydrogenated Polyisobutene,Phenoxyethanol,Sorbitan Oleate,Caprylyl Glycol,Acrylates/C10-30 Alkyl Acrylate Crosspolymer,Triethanolamine,Beeswax,Tocopherol,Disodium Edta,Stearic Acid,Myristyl Alcohol,Sweet Almond Oil,Apricot Kernel Oil,Avocado Oil
KIEHL'S,Powerful Wrinkle Reducing Cream Sunscreen Broad Spectrum SPF 30,Water Glycerin,Cetearyl Alcohol,Isohexadecane,Glyceryl Stearate,Cyclohexasiloxane,Isononyl Isononanoate,Shea Butter,Peg-100 Stearate,Ceteareth-20,Phenoxyethanol,Butylene Glycol,Ammonium Polyacryloyldimethyl Taurate,Caprylyl Glycol,Tocopherol,Chlorphenesin,Xanthan Gum,Disodium Edta,P-Anisic Acid,Calcium Pca,Adenosine,Copper Pca,Alteromonas Ferment Extract,Corallina Officinalis Extract,Citric Acid,Sodium Hydroxide
KIEHL'S,Powerful Wrinkle Reducing Cream,Water,Cyclohexasiloxane,Glycerin,Apricot Kernel Oil,Cetyl Alcohol,Dimethicone,Corn Starch,Petrolatum,Glyceryl Stearate,Potassium Cetyl Phosphate,Peg-40 Stearate,Sorbitan Tristearate,Beeswax,Butylene Glycol,Phenoxyethanol,Dimethiconol,Caprylyl Glycol,Palmitoyl Hydrolyzed Wheat Protein,Stearyl Alcohol,Myristyl Alcohol,Arginine Pca,Tocopherol,Calcium Pca,Ginkgo Biloba Leaf Extract,Adenosine,Hydrolyzed Soy Protein,Copper Pca,Alteromonas Ferment Extract,Corallina Officinalis Extract
KIEHL'S,Ultra Facial Toner,Water,Glycerin,Squalane,Phenoxyethanol,Acrylates/C10-30 Alkyl Acrylate Crosspolymer,Sorbitan Oleate,Ethylhexyl Salicylate,Peg-100 Stearate,Potassium Sorbate,Triethanolamine,P-Anisic Acid,Ascorbyl Glucoside,Sodium Hyaluronate,Prunus Amygdalus Dulcis Oil/Sweet Almond Oil,Prunus Armeniaca Kernel Oil/Apricot Kernel Oil,Tocopherol,Persea Gratissima Oil/Avocado Oil
KIEHL'S,Super Multi-Corrective Eye-Opening Serum,Water,Rhamnose,Glycerin,Alcohol Denat,Dimethicone,Hydroxyethylpiperazine Ethane Sulfonic Acid,Octyldodecanol,Sodium Hyaluronate,Mica,Phenoxyethanol,Ammonium Polyacryldimethyltauramide/Ammonium Polyacryloyldimethyl Taurate,Ci 77891/Titanium Dioxide,Chlorphenesin,Acrylates/C10-30 Alkyl Acrylate Crosspolymer,Triethanolamine,Xanthan Gum,Peg-20 Methyl Glucose Sesquistearate,Disodium Edta,Adenosine,Salicyloyl Phytosphingosine
KIEHL'S,Powerful Wrinkle Reducing Eye Cream,Water,Glycerin,Cyclohexasiloxane,Propylene Glycol,Cetyl Alcohol,Stearyl Alcohol,Squalane,Stearic Acid,Palmitic Acid,Peg-100 Stearate,Beeswax,Glyceryl Stearate,Nylon-12,Aluminum Starch Octenylsuccinate,Peg-20 Stearate,Phenoxyethanol,Butylene Glycol,Methyl Methacrylate Crosspolymer,Caprylyl Glycol,Panthenol,Tocopheryl Acetate,Chlorphenesin,Caffeine,Sodium Hyaluronate,Calcium Pca,Acrylates Copolymer,Adenosine,Sodium Hydroxide,Hydroxypalmitoyl Sphinganine,Copper Pca,Alteromonas Ferment Extract,Corallina Officinalis Extract
KIEHL'S,Super Fluid UV Mineral Defense Titanium Dioxide Sunscreen Broad Spectrum SPF 50+,TITANIUM DIOXIDE 15%,Water,Isododecane,Dimethicone,C12-15 Alkyl Benzoate,Undecane,Styrene/Acrylates Copolymer,Caprylyl Methicone,Nylon-12,Butyloctyl Salicylate,Phenethyl Benzoate,Dicaprylyl Carbonate,Silica,Triethylhexanoin,Isohexadecane,Tridecane,Dicaprylyl Ether,Talc,Dimethicone/Peg-10/15 Crosspolymer,Aluminum Hydroxide,Stearic Acid,Pentylene Glycol,Peg-9 Polydimethylsiloxyethyl Dimethicone,Iron Oxides,Aluminum Stearate,Peg-8 Laurate,Phenoxyethanol,Magnesium Sulfate,Caprylyl Glycol,Alumina,Polyhydroxystearic Acid,Disteardimonium Hectorite,Tocopherol,Propylene Carbonate,Benzoic Acid,Disodium Stearoyl Glutamate,Peg-9
KIEHL'S,Cucumber Herbal Alcohol-Free Toner,Water,Pentylene Glycol,Phenoxyethanol,Propylene Glycol,Sodium Pca,Methylparaben,Allantoin,Cucumber Fruit Extract,Aloe Barbadensis Leaf Juice,Camphor,Matricaria Flower Extract,Nettle Extract,Equisetum Arvense Extract,Betula Alba Extract,Ci 19140/Yellow 5,Ci 14700/Red 4,Ci 42090/Blue 1
KIEHL'S,Blue Herbal Spot Treatment,SALICYLIC ACID 1.50%,Water,Alcohol Denat,Glycerin,Butylene Glycol,Methyl Methacrylate Crosspolymer,Ammonium Polyacryloyldimethyl Taurate,Perlite,Nylon-12,Dipropylene Glycol,Xanthan Gum,Peumus Boldus Leaf Extract,Boswellia Serrata Extract,Hamamelis Virginiana (Witch Hazel) Water,T-Butyl Alcohol,Camphor,Menthol,Zingiber Officinale (Ginger) Root Extract,Sanguisorba Officinalis Root Extract,Cinnamomum Cassia Bark Extract,Phenoxyethanol,Cinnamal,Laminaria Saccharina Extract,Zinc Sulfate,Pyridoxine HCL,Sodium Hydroxide,Citric Acid
KIEHL'S,Nightly Refining Micro-Peel Concentrate,Water,Alcohol Denat,Hydroxyethylpiperazine Ethane Sulfonic Acid,Hydroxyethyl Urea,Sodium Citrate,Vaccinium Myrtillus Fruit Extract,Sodium Hydroxide,Chenopodium Quinoa Seed Extract,Sugar Cane Extract,Glycerin,Propanediol,Phytic Acid,Carrageenan,Phenoxyethanol,Orange Fruit Water,Lemon Fruit Extract,Disodium Edta,Sugar Maple Extract,Hydrolyzed Opuntia Ficus-Indica Flower Extract,Potassium Sorbate,Aloe Barbadensis Leaf Juice Powder,Adenosine,Ethylhexylglycerin,Orange Juice,Sodium Benzoate,Ascorbyl Glucoside
KIEHL'S,Ultra Facial Oil-Free Toner,Water Glycerin,Propanediol,Phenoxyethanol,Propylene Glycol,Potassium Sorbate,Acrylates/C10-30 Alkyl Acrylate Crosspolymer,Triethanolamine,Citric Acid,Imperata Cylindrica Root Extract,Pseudoalteromonas Ferment Extract,Sodium Hyaluronate,Cucumber Fruit Extract,Caprylyl Glycol,Carbomer
KIEHL'S,Precision Lifting & Pore-Tightening Concentrate,Water,Butylene Glycol,Bis-Peg-18 Methyl Ether Dimethyl Silane,Methyl Gluceth-20,Peg-20,Squalane,Dimethicone,Alcohol Denat,Octyldodecanol,Cyclohexasiloxane,Lauroyl Lysine,Carbomer,Phenoxyethanol,Tocopheryl Acetate,Hydrogenated Lecithin,Pentylene Glycol,Caprylyl Glycol,Polysilicone-11,Yeast Extract,Xanthan Gum,Acrylates/C10-30 Alkyl Acrylate Crosspolymer,Pvp,Pelargonium Graveolens Flower Oil,Adenosine,Capryloyl Salicylic Acid,Disodium Edta,Sodium Hydroxide,Soybean Protein,Citronellol,Geraniol,Rosemary Leaf Oil,Linalool,Citral,Limonene
KIEHL'S,Breakout Control Acne Treatment Facial Lotion,Salicylic Acid,Water,Aloe Barbadensis Leaf Juice,Di-C12-13 Alkyl Malate,Niacinamide,Cyclohexasiloxane,Propylene Glycol,Aluminum Starch Octenylsuccinate,Peg-100 Stearate,Glyceryl Stearate,Cetyl Alcohol,Acrylates/C10-30 Alkyl Acrylate Crosspolymer,Sodium Hydroxide,Capryloyl Salicylic Acid,Xanthan Gum,Zinc Pca,Zingiber Officinale (Ginger) Root Extract,Stearyl Alcohol,Myristyl Alcohol,Octadecenedioic Acid,Citral,Bht
KIEHL'S,Super Multi-Corrective Cream Sunscreen Broad Spectrum SPF 30,Avobenzone 3%,Homosalate 5%,Octisalate 5%,Octocrylene 7%,Water,Glycerin,Dimethicone,Glyceryl Stearate,Hydroxypropyl Tetrahydropyrantriol,Silica,Peg-100 Stearate,Propylene Glycol,Euphorbia Cerifera (Candelilla) Wax,Phenoxyethanol,Ammonium Polyacryloyldimethyl Taurate,Stearic Acid,Dicaprylyl Carbonate,Cetyl Alcohol,Palmitic Acid,Capryloyl Salicylic Acid,Caprylyl Glycol,Xanthan Gum,Dimethicone/Vinyl Dimethicone Crosspolymer,Fragrance,Disodium EDTA,Tocopherol,Sodium Hyaluronate,Adenosine,Linalool,Sodium Hydroxide,Jasminum Officinale (Jasmine) Flower Extract,Citronellol,Geraniol,Citral,Benzyl Alcohol,Citric Acid
KIEHL'S,Clearly Corrective™ Clarity-Activating Toner,Water,Glycerin,Dipropylene Glycol,Butylene Glycol,Alcohol Denat,Methyl Gluceth-10,3-O-Ethyl Ascorbic Acid,Phenoxyethanol,Sodium Citrate,Ppg-6-Decyltetradeceth-30,Citric Acid,Hydroxypropyl Tetrahydropyrantriol,Propylene Glycol,Salicylic Acid,Xanthan Gum,Lavender Oil,Disodium Edta,Linalool,Citrus Aurantium Tachibana Peel Extract,Paeonia Suffruticosa Root Extract
KIEHL'S,Clearly Corrective™ Dark Circle Perfector,Water,Cyclopentasiloxane,Isododecane,Dimethicone,Glycerin,Nylon-12,Peg-9 Polydimethylsiloxyethyl Dimethicone,Butylene Glycol,Cyclohexasiloxane,Silica,Dimethicone Crosspolymer,Disteardimonium Hectorite,3-O-Ethyl Ascorbic Acid,Zinc Pca,Peg-10 Dimethicone,Cetyl Peg/Ppg-10/1 Dimethicone,Phenoxyethanol,Sodium Chloride,Polyglyceryl-4 Isostearate,Caprylyl Glycol,Ethylhexylglycerin,Chlorphenesin,Disodium Stearoyl Glutamate,Caffeine,Peg-9,Glycyrrhiza Glabra (Licorice) Root Extract,Aluminum Hydroxide,May Contain,Titanium Dioxide,Iron Oxides,Mica
KIEHL'S,Blue Herbal Acne Cleanser Treatment,Salicylic Acid 1.5%,Water,Coco-Glucoside,Propylene Glycol,Ammonium Polyacryloyldimethyl Taurate,Glycerin,Coco-Betaine,Sodium Cocoyl Isethionate,Sodium Methyl Cocoyl Taurate,Dipropylene Glycol,Sodium Chloride,Butylene Glycol,Phenoxyethanol,Hydrogenated Coconut Acid,Capryloyl Salicylic Acid,Coconut Acid,T-Butyl Alcohol,Sodium PCA,Camphor,Menthol,Boswellia Serrata Extract,Sodium Isethionate,Hamamelis Virginiana (Witch Hazel) Water,Peumus Boldus Leaf Extract,Disodium Edta,Alcohol,Zingiber Officinale (Ginger) Root Extract,Sanguisorba Officinalis Root Extract,Cinnamomum Cassia Bark Extract,Xanthan Gum,Laminaria Saccharina Extract,Zinc Sulfate,Pyridoxine HCL,Sodium Hydroxide,Citric Acid
KIEHL'S,Cactus Flower & Tibetan Ginseng Hydrating Mist,Water,Alcohol Denat,Glycerinpeg-40,Hydrogenated Castor Oil,Lavandula Angustifolia Oil/Lavender Oil,Pelargonium Graveolens Flower,Oil Linalool,Hydrolyzed Opuntia Ficus,Indica Flower Extract,Citronellol Rosmarinus Officinalis Leaf Oil/Rosemary Leaf Oil,Geraniol Phenoxyethanol,Rhodiola Rosea Root Extract,Ethylhexyl,Glycerin,Citral,Limonene
