brand,product_name,ingredients
Benton,Snail Bee Essence,Snail Secretion Filtrate,Aloe Barbadensis Leaf Juice,Glycerin,Arbutin,Human Ogliopeptide-1,Bee Venom,Plantago Asiatica Extract,Laminana Digita Extract,Dios Pyros Kaki Leaf Extract,Salix Alba (Willow) Bark Extract,Ulmus Campestris (Elm) Extract,Bacilus Ferment,Azelaic Acid,Althaea Rosea Flower Extract,Aloe Barbadensis Leaf Extract,Butylene Glycol,Beta-Glucan,Betaine,Acrylates / C10-30 Alkyl Acrylate Cross Polymer,Adenosine,Panthenol,Allantoin,Zanthoxylum Piperitum Fruit Extract,Usnea Barbata (Lichen) Extract,Pulsatilla Koreana Extract,Arginine
Olay,Moisturizing Lotion Sensitive Skin,Glycerin,Isohexadecane,Niacinamide,Dimethicone,Isopropyl Isostearate,Polymethylsilsesquioxane,Sucrose Polycottonseedate,Aloe Barbadensis Leaf Juice,Chamomilla Recutita (Matricaria) Flower Extract,Tocopheryl Acetate,Polyacrylamide,Panthenol,C13-14 Isoparaffin,Dimethiconol,Ethylparaben,Sorbitan Stearate,Titanium Dioxide,Polyquaternium-10,Cetearyl Glucoside,Propylparaben,Laureth-7,PEG-100 Stearate,Stearic Acid,Disodium EDTA,Sodium Hydroxide,Stearyl Alcohol,Benzyl Alcohol,Cetyl Alcohol,Cetearyl Alcohol,Ammonium Polyacrylate.
Aid Beauty,Ultra Repair Cream,Stearic Acid,Glycerin,C12-15 Alkyl Benzoate,Caprylic / Capric Triglyceride,Glyceryl Stearate Se,Glyceryl Stearate,Cetearyl Alcohol,Butyrospermum Parkii Butter,Dimethicone,Squalane,Allantoin,Camellia Sinensis Leaf Extract,Caprylyl Glycol,Ceramide 3,Chrysanthemum Parthenium Extract,Colloidal Oatmeal,Disodium EDTA,Eucalyptus Globulus Leaf Oil,Glycyrrhiza Glabra Root Extract,Sodium Hydroxide,Xanthan Gum,Phenoxyethanol.
Alpha-H,Liquid Gold,Water,Propylene Glycol,Ethoxydiglycol,Niacinamide,Polyglyceryl-3 Methylglucose Distearate,Rosa Mosqueta (Rose) Hip Oil,Hippophae Rhamnoides (Sea Buckthorn) Seed Oil,Hippophae Rhamnoides (Sea Buckthorn) Fruit Oil,Panthenol,Dimethicone,Glycerin,Squalane (olive derived),Cetyl Alcohol,Vaccinium Macrocarpon (Cranberry) Seed Oil,Tocopherol,Camellia Sinensis Leaf Extract,Ceramide NP,Ceramide AP,Ceramide EOP,Phytosphingosine,Cholesterol,sodium hyaluronate,Sodium Lauroyl Lactylate,Carbomer,Xanthan Gum,Diazolidinyl Urea,Methylparaben,Propylparaben,Disodium EDTA.
Avène,Skin Recovery Cream (Crème pour peaux intolérantes),AVENE THERMAL SPRING WATER (AVENE AQUA),MINERAL OIL (PARAFFINUM LIQUIDUM),GLYCERIN,GLYCERYL STEARATE,SQUALANE,CYCLOPENTASILOXANE,CYCLOHEXASILOXANE,SERINE,CARBOMER,TETRASODIUM EDTA,TRIETHANOLAMINE,WATER (AQUA)
Roche Posay,Cicaplast Baume B5,Hydrogenated Polyisobutene,Dimethicone,Glycerin,Butyrospermum Parkii Butter / Shea Butter,Panthenol,Butylene Glycol,Aluminum Starch Octenylsuccinate,Propanediol,Cetyl Pef / PPG-10 / 1 Dimethicone,Tristearin,Zinc Gluconate,Madecassoside,Manganese Gluconate,Magnesium Sulfate,Disodium Edta,Copper Gluconate,Acetylated Glycol Stearate,Polyglyceryl-4 Isostearate,Sodium Benzonate,Phenoxyethanol,Chlorhexidine Digluconate,CI 77891 / Titanium Dioxide
Aid Beauty,Ultra Repair Face Moisturizer,Glyceryl Stearate SE,Glycerin,Caprylic / Capric Triglyceride,Colloidal Oatmeal,Urea,Squalane,Dimethicone,Cetyl Alcohol,Cetearyl Alcohol,Caprylyl Glycol,Phenoxyethanol,Allantoin,Butyrospermum Parkii (Shea) Butter,Limnanthes Alba (Meadowfoam) Seed Oil,Persea Gratissima (Avocado) Oil,Carbomer,Sodium Hydroxide,Camellia Sinensis (White Tea) Leaf Extract,Chrysanthemum Parthenium (Feverfew) Extract,Glycyrrhiza Glabra (Licorice) Root Extract,Ceramide 3.
CeraVe,Skin Renewing Night Cream,Purified Water,Glycerin,Biosaccharide Gum-1,Caprylic / Capric Triglyceride,Butyrospermum Parkii (Shea Butter),Dimethicone / Vinyl Dimethicone Crosspolymer,Glyceryl stearate SE,Stearic Acid,Cyclopentasiloxane,Cetyl Alcohol,Dimethicone,Saccharide Isomerate,Glycine Soja (Soybean) Sterols,Ceramide 6 II,Ceramide 3,Ceramide 1,Niacinamide,Hyaluronic Acid,Caprooyl Tetrapeptide-3,Tripeptide-1,Cholesterol,Phenoxyethanol,Cetearyl Alcohol,Carbomer,Behentrimonium Methosulphate,Sodium Hydroxide,Tocopherol,Allantoin,Ethylhexylglycerin,Butylene Glycol,Sodium Lauroyl Lactylate,Phytosphingosine,Dextran,Xanthan Gum
Joe's Nourish,Enriched Intensive Antioxidant Facial Moisturizer,Water (Aqua),Helianthus Annuus (Sunflower) Seed Oil,Glycerin,Cetearyl Alcohol,Aloe Barbadensis (Aloe Vera) Leaf Juice,Ascorbyl Palmitate (Vitamin C Palmitate),Ubiquinone (Coenzyme Q10),Tocopherol,Simmondsia Chinensis (Organic Jojoba) Seed Oil,Ginkgo Biloba Extract,Chamomilla Recutita Flower / Leaf (Chamomile) Extract,Camellia Oleifera Leaf (Green Tea) Extract,sodium hyaluronate,Myrica Cerifera (Bayberry) Fruit Extract,Copper Amino Acid Chelate,Coffea Arabica (Coffee) Extract,Retinyl Palmitate (Vitamin A Palmitate),Thioctic Acid (a-Lipoic Acid),Cholecalciferol (Vitamin D3),Punica Granatum (Pomegranate) Extract,Phytonadione (Vitamin K1),Menadione (Vitamin K3),DMAE (Dimethylaminoethanol),Tocopheryl Acetate (Vitamin E Acetate (Vitamin E Acetate),Ethylhexylglycerin,Glyceryl Stearate,Cetearyl Glucoside,Sodium PCA,Phenoxyethanol,Hydroxyethylcellulose,Soluble Collagen,Polysorbate-60,Panthenol (Pro-Vitamin B5),Phospholipids,C12-15 Alkyl Benzoate,Citric Acid,Potassium Sorbate.
The Ordinary,Natural Moisturizing Factors + HA,Aqua (Water),Caprylic / Capric Triglyceride,Cetyl Alcohol,Propanediol,Stearyl Alcohol,Glycerin,sodium hyaluronate,Arginine,Aspartic Acid,Glycine,Alanine,Serine,Valine,Isoleucine,Proline,Threonine,Histidine,Phenylalanine,Glucose,Maltose,Fructose,Trehalose,Sodium PCA,PCA,Sodium Lactate,Urea,Allantoin,Linoleic Acid,Oleic Acid,Phytosteryl Canola Glycerides,Palmitic Acid,Stearic Acid,Lecithin,Triolein,Tocopherol,Carbomer,Isoceteth-20,Polysorbate 60,Sodium Chloride,Citric Acid,Trisodium Ethylenediamine Disuccinate,Pentylene Glycol,Triethanolamine,Sodium Hydroxide,Phenoxyethanol,Chlorphenesin
Eucerin,Replenishing Face Cream 5% Urea,Urea,Glycerin,Caprylic / Capric Triglyceride Cyclomethicone,Dimethicone,Pentaerythrityl Tetraisostearate,Triisostearin,Cetyl Alcohol,Sodium Lactate,Glyceryl Stearate,Benzyl Alcohol,PEG-40 Stearate,Biosaccharide Gum-1,Methylparaben Lactic Acid,Lanolin Alcohol,Phenoxyethanol
Moisture Surge,Intense Skin Fortifying Hydrator,Water / Aqua / Eau,Cyclopentasiloxane,Glycerin,Butylene Glycol,Dimethicone,Cetyl Ethylhexanoate,Squalane,Disteardimonium Hectorite,PEG / PPG-18 / 18 Dimethicone,Lauryl PEG-9 Polydimethylsiloxyethyl Dimethicone,Ahnfeltia Concinna Extract,Olea Europaea (Olive) Fruit Extract,Caffeine,Whey Protein / Lactis Protein / Protéine Du Petit-Lait,Cholesterol,sodium hyaluronate,Petrolatum,PEG-150,Sucrose,Pyridoxine Dipalmitate,Linoleic Acid,Tocopheryl Acetate,Citric Acid,Polysilicone-11,Propylene Carbonate,Glyceryl Polymethacrylate,PEG-8,Aloe Barbadensis Leaf Extract,Triticum Vulgare (Wheat) Bran Extract,Pentaerythrityl Tetra-Di-T-Butyl Hydroxyhydrocinnamate,Palmitoyl Hexapeptide-12,Sodium Citrate,Sodium Hexametaphosphate,Chlorphenesin,Phenoxyethanol.
REN,Vita Mineral Emollient Rescue Cream**,Water,Squalane,Cera Alba (Beeswax),Glycerin,Cetearyl Ethylhexanoate,Polyglyceryl-3 Polyricinoleate,Caprylic / Capric Triglyceride,Sorbitan Sesquioleate,Sucrose Distearate,Magnesium Sulfate,Vaccinium Macrocarpon (Cranberry) Seed Oil,Vaccinium Vitis-Idaea (Lingonberry) Seed Oil,Polyglyceryl-3 Ricinoleate,Tocopherol,Phenoxyethanol,Citric Acid,Rosa Damascena Extract,Sodium Hydroxymethylglycinate,Laminaria Ochroleuca Extract,Helianthus Annuus (Sunflower) Seed Oil,Rosmarinus Officinalis (Rosemary) Leaf Extract,Citronellol,Geraniol
FAB,Ultra Repair Cream,Oatmeal,Water,Stearic Acid,Glycerin,C12-15 Alkyl Benzoate,Caprylic / Capric Triglyceride,Glyceryl Stearate,Glyceryl Stearate SE,Cetearyl Alcohol,Caprylyl Glycol,Phenoxyethanol,Butyrospermum Parkii (Shea Butter),Squalane,Allantoin,Sodium Hydroxide,Dimethicone,Xanthum Gum,Disodium EDTA,Chrysanthemum Parthenium (Feverfew) Extract,Camellia Sinensis Leaf Extract,Butylene Glycol,Glycyrrhiza Glabra (Licorice) Root Extract,Eucalyptus Globulus,Ceramide 3.
Kiehl's,Creme d'Elegance Repairateur,Aqua / Water,Squalane,Glycerin,Propylene Glycol,Peg-100 Stearate,Glyceryl Stearate,Myristyl Alcohol,Butyrospermum Parkii Butter / Shea Butter,Sesamum Indicum Oil / Sesame Seed Oil,Ozokerite,Ppg-5 Pentaerythrityl Ether,Peg-5 Pentaerythrityl Ether,Stearyl Alcohol,Synthetic Beeswax,Dimethicone,Phenoxyethanol,Isopropyl Palmitate,Glycine Soja Oil / Soybean Oil,Tocopheryl Acetate,Paraffinum Liquidum / Mineral Oil / Huile Minerale,Polyacrylamide,Sorbitan Oleate,Lithium Magnesium Sodium Silicate,Methylparaben,C13-14 Isoparaffin,Glycine Soja / Soybean Sterols,Hydrogenated Polyisobutene,Sorbitan Stearate,Olea Europaea Oil / Olive Fruit Oil,Cera Microcristallina / Microcrystalline Wax / Cire Microcristalline,Avena Sativa Flour / Oat Kernel Flour,Prunus Amygdalus Dulcis Oil / Sweet Almond Oil,Prunus Armeniaca Kernel Oil / Apricot Kernel Oil,Theobroma Cacao Butter / Cocoa Seed Butter,Propylparaben,Persea Gratissima Oil / Avocado Oil,Cocos Nucifera Oil / Coconut Oil,Laureth-7,Paraffin,Panthenol,Butylparaben,Allantoin,Sucrose Cocoate,Zea Mays Oil / Corn Oil,Beta-Carotene,Aloe Barbadensis Extract / Aloe Barbadensis Leaf Extract.
Clinique,Dramatically Different Moisturizing Gel,Water / Aqua / Eau,Dimethicone,Isododecane,Butylene Glycol,Bis-PEG-18 Methyl Ether Dimethyl Silane,Glycerin,Laminaria Saccharina Extract,Polygonum Cuspidatum Root Extract,Saccharomyces Lysate Extract,Cucumis Sativus (Cucumber) Fruit Extract,Hordeum Vulgare (Barley) Extract / Extrait D'Orge,Helianthus Annuus (Sunflower) Seedcake,Caffeine,Trehalose,sodium hyaluronate,Tocopheryl Acetate,Chamomilla Recutita (Matricaria),Polysilicone-11,Silica,Propylene Glycol Dicaprate,Oleth-10,Lactobacillus Ferment,Laureth-23,Laureth-4,Ammonium Acryloyldimethyltaurate / VP Copolymer,Carbomer,Caprylyl Glycol,Hexylene Glycol,Tromethamine,Disodium EDTA,Phenoxyethanol,Potassium Sorbate,Yellow 5 (CI 19140),Red 4 (CI 14700),Yellow 6 (CI 15985).
Skinfood,Royal Honey Good Moisturizing Cream,Remarkable ingredients are olive oil,sunflower oil,macadamia oil,squalene and honey
Philosophy,Renewed Hope in a Jar,Water,Cyclopentasiloxane,Stearic Acid,Glycerin,Butylene Glycol,C12-15 Alkyl Benzoate,Glycolic Acid,Dimethicone,Polyacrylamide,Cetearyl Alcohol,Phenoxyethanol,Sodium Hydroxide,C13-14 Isoparaffin,Dimethicone Crosspolymer,Ceteareth-20,Ammonium Acryloyldimethyltaurate / Vp Copolymer,Polysilicone-11,Acrylates / C10-30 Alkyl Acrylate Crosspolymer,Laureth-7,Citric Acid,Chlorphenesin,Mandelic Acid,Tocopheryl Acetate,Synthetic Fluorphlogopite,Ethlhexyl Palmitate,Propanediol,Parfum / Fragrance,Disodium Edta,Adenosine,Evodia Rutaecarpa Fruit Extract,Limonene,Faex / Yeast Extract / Extrait De Levure,Magnesium Stearate,Opuntia Coccinellifera Flower Extract,Silica Dimethyl Silylate,Caprylyl Glycol,Bht,Ethylhexylglycerin,Hyaluronic Acid,Silanetriol,sodium hyaluronate,Sorbic Acid,Hexylene Glycol,Bismuth Oxychloride (Ci 77163)
Clinique,moisture surge intense gel-cream,Water / Aqua / Eau,Dimethicone,Butylene Glycol,Trisiloxane,Glycerin,Betula Alba (Birch) Bark Extract,Silybum Marianum (Lady'S Thistle) Extract,Camellia Sinensis (Green Tea) Leaf Extract,Saccharomyces Lysate Extract,Sucrose,Aloe Barbadensis Leaf Water,Trehalose,Thermus Thermophillus Ferment,Sorbitol,Oleth-10,Tromethamine,Caffeine,Hydrogenated Lecithin,sodium hyaluronate,Tocopheryl Acetate,Palmitoyl Oligopeptide,Caprylyl Glycol,Glyceryl Polymethacrylate,PEG-8,Ammonium Acryloyldimethyltaurate / VP Copolymer,Magnesium Ascorbyl Phosphate,Carbomer,Hexylene Glycol,Disodium EDTA,Phenoxyethanol,Red 4 (CI 14700),Yellow 5 (CI 19140)
Neutrogena,Hydro Boost Gel,Water,Dimethicone,Glycerin,Dimethicone / Vinyl Dimethicone Crosspolymer,Phenoxyethanol,Polyacrylamide,Cetearyl Olivate,Sorbitan Olivate,Dimethiconol,C13_14 Isoparaf_n,Dimethicone Crosspolymer,Chlorphenesin,Carbomer,Laureth_7,sodium hyaluronate,Ethylhexylglycerin,Fragrance,C12_14 Pareth_12,Sodium Hydroxide,Blue 1
Mizon,snail recovery gel cream,Secretion Filtrate,Butylene Glycol,Cyclopentasiloxane,Glycerin,Bis-peg-18 Methyl Ether,Dimethylsilane,Polysorbate2-,sodium hyaluronate,Carbomer,Glycosyl Trehalose,Hydrogenated Starch Hydolsyate,Triethanolamine,Dimethicone / vinyl Dimethicone Crosspolymer,Dimethicone,Hydroxyethylcellulose,Caprylyl Glyocol,Ethylhexylglycerin,Sodium Polyacrylate,Centella Asiatica Extract,Portulaca Oleracea Extract,Camellias Sinensis Leaf Extract,Nelumbo Nucifera Flower Extract,Betula Platylphylla Japonica Juice,Tropolone,Copper Tripeptide-1,Allantoin,Panthenol,Olea Europaea (olive) Fruit Oil,Helianthus Annuus (sunflower) Seed Oil,Palmitoyl Pentapeptide-4,Adenosine,Disodium Edta
Cerave,facial moisturizing pm lotion,Water,Glycerin,Caprylic / Capric Triglycerides,Niacinamide,Behentrimonium Methosulfate and Cetearyl Alcohol,Ceteareth-20 and Cetearyl Alcohol,Ceramide 3,Ceramide 6-II,Ceramide 1,Phytosphingosine,Hyaluronic Acid,Cholesterol,Dimethicone,Polyglyceryl-3 Diisostearate,Potassium Phosphate,Dipotassium Phosphate,Sodium Lauroyl Lactylate,Disodium EDTA,Methylparaben,Propylparaben,Carbomer,Xanthan Gum
belif,The True Cream Aqua Bomb,Dipropylene Glycol,Glycerin,Methl Trimethicone,Alcohol Denat,Dimethicone,Cyclopentasiloxane,1 2-hexanediol,Malakite Extract,Caprylic / Capric Triglyceride,Pentaerythrityl Tetraethylhexanoate,PEG / PPG / Polybutylene Glycol-8 / 5 / 3 Glycerin,Alchemilla Vulgaris Leaf Extract,Equisetum Arvense Leaf Extract,Stellaria Media (Chickweed) Extract,Urtica Dioica (Nettle) Leaf Extract,Plantago Lanceolata Leaf Extract,Avena Sativa (Oat) Kernel Extract,Calendula Officinalis Flower Extract,Nepeta Cataria Extract,Rubus Idaeus (Raspberry) Leaf Extract,Baptisia Tinctoria Root Extract,Dimethiconol,Polymethylsilsesquioxane,Sodium Acrylate / Acryloyldimethyltaurate / Dimethylacrylamide Crosspolymer,Isohexadecane,Polysorbate 60,Ceramide 3,Cholesterol,Butyrospermum Parkii (Shea) Butter,Phenl Trimethicone,Pentaerythrityl Tetraisostearate,Panthenol,Squalane,Triethylhexanoin,Macadamia Ternifolia Seed Oil,PEG-150,PEG-40 Hydrogenated Castor Oil,Acrylates / C10-30 Alkyl Acrylate Crosspolymer,C14-22 Alcohols,Arachidyl Glucoside,Hydrogenated Lecithin,PEG-100 Stearate,Stearic Acid,Glyceryl Stearate,Carbomer,Tromethamine,Trisodium EDTA,Fragrance,Citronellol,Limonene,Citral,Geraniol,Linalool. Napiers aqua formula. Napiers original formula
Clean & Clear,Morning Burst Hydrating Gel Moisturizer,Water,Dimethicone,Glycerin,Dimethicone / Vinyl Dimethicone Crosspolymer,Polyacrylamide,Cetearyl Olivate,Phenoxyethanol,Dimethiconol,Sorbitan Olivate,C13-14 Isoparaffin,Fragrance,Dimethicone Crosspolymer,Carbomer,Laureth-7,Methylparaben,Propylene Glycol,C12-14 Pareth-12,Propylparaben,Ethylparaben,Cucumis Sativus (Cucumber) Fruit Extract,Mangifera Indica (Mango) Fruit Extract,Sodium Hydroxide,Green 5,Blue 1,Yellow 5
Physiogel,Daily Defence Replenishing Night Cream,Aqua,Butyrospermum Parkii Butter,Glycerin,Dicaprylyl Carbonate,Olus Oil,Niacinamide,Nylon 6 / 12,Pentylene Glycol,1 2-hexanediol,Caprylic / Capric Triglyceride,Hydrogenated Lecithin,Squalane,Panthenol,Behenic Acid,Glycine,Oryza Sativa Cera,Tocopheryl Acetate,Alanine,Sodium Carbomer,Acrylates / Vinyl Isodecanoate Crosspolymer,Sodium PCA,sodium hyaluronate,Trisodium Ethylenediamine Disuccinate,Ceramide 3
Roche-Posay,Hydreane,Glycerin,Cyclohexasiloxane,Alcohol Denat,Hydrogenated Polyisobutene,Myristyl Myristate,Stearic Acid,Potassium Cetyl Phosphate,Glyceryl Stearate SE,Ammonium Polyacryldimethyltauramide / Ammonium Polyacryloyldimethyltaurate,Xanthan Gum,Polyphosphorylcholine Glycol Acrylate,Acrylates Copolymer,Butylene Glycol,Phenoxyethanol,Caprylyl Glycol,Fragrance
Alaffia,Balancing Day Cream,Azadirachta indica (Neem) Leaf Aqueous Extract,Curcuma longa (Turmeric) Aqueous Extract,Achillea millefolium (Yarrow) Aqueous Extract,Althea officinalis (Marshmallow) Extract,Moringa oleifera (Moringa) Leaf Aqueous Extract,Butyrospermum parkii (Shea) Butter,Emulsifying Wax,Pentadesma butyracea (Kpagnan) Butter,Glycerin,Azadirachta indica (Neem) Oil,Stearic Acid,Saccharomyces / Xylinum / Turmeric Ferment,Natural Green Rice &amp; Mint Scent,Lavandula hybrida (Lavender) Oil,Cymbopogon citratus (Lemongrass) Oil,Pogostemon cablin (Patchouli) Oil,Melaleuca alternifolia (Tea Tree) Oil,Phenoxyethanol,Ascorbic Acid,Potassium Sorbate
Alaffia,Powerful Neem Night Cream,Azadirachta indica (Neem) Leaf Aqueous Extract,Curcuma longa (Turmeric) Aqueous Extract,Achillea millefolium (Yarrow) Aqueous Extract,Butyrospermum parkii (Shea) Butter,Emulsifying Wax,Pentadesma butyracea (Kpagnan) Butter,Glycerin,Stearic Acid,Azadirachta indica (Neem) Oil,Salicornia herbacea (Samphire) Extract,Nelumbo nucifera (Lotus) Leaf Cell Extract,Saccharomyces / Xylinum / Turmeric Ferment,Ubiquinone,Caprylic / Capric Triglycerides,Natural Green Rice &amp; Mint Scent,Lavandula hybrida (Lavender) Oil,Cymbopogon citratus (Lemongrass) Oil,Pogostemon cablin (Patchouli) Oil,Melaleuca alternifolia (Tea Tree) Oil,Phenoxyethanol,Ascorbic Acid,Potassium Sorbate
Stratia,Velvet Cleansing Milk,Water (Aqua),Olive Oil PEG-7 Esters,Matricaria Recutita (Chamomile) Flower Essential Water,Caprylic / Capric Triglycerides,Oryza Sativa (Rice) Bran Oil,Glycerin,Cetearyl Alcohol,Glyceryl Stearate,Polyacrylamide,C13-14 Isoparaffin,Laureth-7,Ceteareth-20,Allantoin,Aloe Barbadensis Leaf Juice,Disodium EDTA,Propylene Glycol,Diazolidinyl Urea,Iodopropynyl Butylcarbamate
Face Values,Daily Hydrating Cleanser,Purified Water,Carbomer,Glycerin,Glyceryl Stearate,Cetearyl Alcohol,Cetearyl Glucoside,Cetyl Alcohol,Ceramide 3,Ceramide 6-11,Ceramide 1,Phytosphingosine,Cholesterol,Sodium Lauroyl Lactylate,Xanthan Gum,PEG-40 Stearate,Polyacrylate-13,Polyisobutene,Polysorbate 20,Phenoxyethanol,Methylparaben,Ethylparaben,Butylparaben,Propylparaben,Isobutylparaben,Stearyl Alcohol,DMDM Hydantoin,Hyaluronic Acid,Disodium EDTA,Disodium Phosphate,Potassium Phosphate,Lactic Acid
Skoah,kleansing lotion,aqua,hydrogenated polyisobutene,propylene glycol,stearic acid,glyceryl stearate,peg-100 stearate,cetearyl alcohol,polysorbate 60,polysorbate 80,arctostaphylos uva ursi leaf extract,arnica montana flower extract,echinacea purpurea extract,mimosa tenuiflora bark extract,calendula officinalis flower extract,tilia cordata flower extract,ginkgo biloba extract,hedera helix extract,avena sativa kernel extract,hypericum perforatum extract,camellia oleifera leaf extract,allantoin,tocopheryl acetate,parfum / fragrance,carbomer,diazolidinyl urea,iodopropynyl butylcarbamate,triethanolamine,sodium citrate,citric acid,sodium hydroxide.
Glossier,Milky Jelly Cleanser,Water / Aqua / Eau,Rosa Damascena Flower Water,PEG-7 Glyceryl Cocoate,Propanediol,Isohexadecane,Poloxamer 184,Acrylamide / Sodium Acryloyldimethyltaurate Copolymer,Xylitylglucoside,Betaine,Allantoin,Glycerin,Panthenol,Symphytum Officinale Root Extract,sodium hyaluronate,Anhydroxylitol,Polysorbate 80,Xylitol,Ammonium Polyacryloyldimethyl Taurate,Isopropyl Myristate,Benzoic Acid,Ethylhexylglycerin,Sodium Hydroxide
Neutrogena,Extra Gentle Cleanser,Water,Glycerin,Cetearyl Alcohol,Polyglyceryl- 10 Laurate,Phenoxyethanol,Cetearyl Glucoside,Caprylyl Glycol,Carbomer,Sodium Hydroxide,Ethylhexylglycerin
Sensibio,H2O micellar water,PEG-6 CAPRYLIC / CAPRIC GLYCERIDES,FRUCTOOLIGOSACCHARIDES,MANNITOL,XYLITOL,RHAMNOSE,CUCUMIS SATIVUS (CUCUMBER) FRUIT EXTRACT,PROPYLENE GLYCOL,CETRIMONIUM BROMIDE,DISODIUM EDTA
Kind To Skin,Micellar Cleansing Water,Hexylene Glycol,Glycerin,Niacinamide,Panthenol,Chamomilla Recutita Flower Extract,PEG-6 Capryllc / Capric Glycerides,Butylene Glycol,Pantolactone,Cetrimonium Chloride,Tetrasodium EDTA,Citric Acid,Potassium Chloride,Sodium Ascorbyl Phosphate,Sodium Chloride,DMDM Hydantoin,Iodopropynyl Butylcarbamate
SKINACTIVE™,Micellar Cleansing Water All-in-1 Makeup Remover & Cleanser,Hexylene Glycol,Glycerin,Disodium Cocoamphodiacetate,Disodium EDTA,Poloxamer 184,Polyaminopropyl Biguanide
skinactive,micellar water,CYCLOPENTASILOXANE,ISOHEXADECANE,POTASSIUM PHOSPHATE,SODIUM CHLORIDE,HEXYLENE GLYCOL,DIPOTASSIUM PHOSPHATE,DISODIUM EDTA,DECYL GLUCOSIDE,POLYAMINOPROPYL BIGUANIDE
Evoluderm,Micellar water for reactive skin,Aqua,Propylene Glycol,Poloxamer 184,PEG-40 Hydrogenated Castor Oil,Glycerin,Decyl Glucoside,Chlorine Digluconate,Bisabolol,Tetrasodium EDTA,Citric Acid,Aloe Barbadensis Leaf Water
Cerave,Foaming Cleanser,Purified Water,Cocamidopropyl Hydroxysultaine,Glycerin,Sodium Lauroyl Sarcosinate,PEG-150 Pentaerythrityl Tetrastearate and PEG-6 Caprylic / Capric Glycerides,Niacinamide,Propylene Glycol,Sodium Methyl Cocoyl Taurate,Ceramide 3,Ceramide 6-II,Ceramide 1,Hyaluronic Acid,Cholesterol,Sodium Chloride,Phytosphingosine,Citric Acid,Edetate Disodium,Dihydrate,Sodium Lauroyl Lactylate,Methylparaben,Propylparaben,Carbomer,Xanthan Gum
SU:M37,Miracle Rose Cleansing Stick,Water,Orange Peel Oil,Lime Peel Oil,Lemon Peel Oil,Green Tea Seed Oil,Coconut Oil,Basil Oil,Ylang Ylang Flower Oil,Marjoram Oil,Fermented Damask Rose Extract,Apricot Seed Oil,Olive Oil,Sunflower Oil,Betaine,Stearic Acid,Lauric Acid,Camellia Oil,Tocopherol,Rose Flower Water,Potassium Hydroxide,Lauryl Betaine
Eucerin,DermoPURIFYER cleansing gel,Aqua,Sodium Cocoamphoacetate,Propylene Glycol,Sodium Laureth Sulfate,Sodium Chloride,Citric Acid,Sodium Benzoate,Salicylic Acid
Avene,Cleansing Foam,Water (Avene Thermal Spring Water),Sodium Cocoamphoacetate,Disodium Cocoyl Glutamate,Sodium Chloride,Citric Acid,Disodium Edta,Fragrance,Glutamic Acid,Lactic Acid,Propylene Glycol,Sodium Benzoate
Reinigendes,Waschgel,Cocamidopropyl Betaine,Lauryl Glucoside,Sorbitol,Sodium Cocoyl Glutamate,Sodium Chloride,Panthenol,Malva Sylvestris Flower / Leaf Extract,Urea,Glyceryl Oleate,Coco - Glucoside,Starch Hydroxypropyltrimonium Chloride,Glycerin,Propylene Glycol,Sodium Citrate,Levulinic Acid,Citric Acid,Sodium Levulinate,P - Anisic Acid,Sodium Hydroxide,Sodium Lactate,Lactic Acid,Parfum
J.One,Jelly Cleanser,Water,Cocamidopropyl Betaine,Methyl Gluceth-10,Ethoxydiglycol,Dipropylene Glycol,Butoxydiglycol,Diglycerin,Glycereth-26,Diethoxydiglycol,Glycerin,Butylene Glycol,PEG-7 Glyceryl Cocoate,Xanthan Gum,Phenoxyethanol,Caprylyl Glycol,Fragrance(Parfum),Disodium EDTA,Cocos Nucifera (Coconut) Oil,Butylene Glycol,Honey Extract,Decyl Glucoside,Royal Jelly Extract,Sapindus Mukorossi Fruit Extract,Saponaria Officinalis Leaf Extract,Maltodextrin,Moringa Pterygosperma Seed Extract,Propolis Extract
Boscia,Purifying Cleansing Gel,Water,Hydrogenated Starch Hydrolysate,Diglycerin,Sodium Cocoyl Glycinate,Disodium Cocoyl Glutamate,Sodium Cocoyl Glutamate,Butylene Glycol,Methyl Gluceth-10,Acrylates / Steareth-20 Methacrylate Copolymer,Sodium Lauroyl Glutamate,Rosmarinus Officinalis (Rosemary) Leaf Extract,Camellia Oleifera Leaf Extract,Hydrangea Serrata Leaf Extract,Simmondsia Chinensis (Jojoba) Seed Extract,Epilobium Angustifolium Flower / Leaf / Stem Extract,Pelargonium Graveolens Flower Oil,Glycerin,Cellulose Gum,Citric Acid,Polysorbate 20,Sclerotium Gum,Trisodium Ethylenediamine Disuccinate,1 2-hexanediol,Caprylyl Glycol
NeoStrata,Foaming Glycolic Wash,Glycolic Acid (18%),PEG-8,Alcohol Denat,Arginine,Sodium C14-16 Olefin Sulfonate,Ammonium Hydroxide,Lactobionic Acid (2%),Cocamidopropyl Betaine,Glycerin,Butylene Glycol,Polysorbate 20,Propylene Glycol,Citrus Paradisi (Grapefruit) Fruit Extract,Methylparaben,Chlorphenesin
Formula 10.0.6,Be Berry Ready Daily Foaming Cleanser,Sodium Cocoyl Isethionate,Glycerin,Cetearyl Alcohol,Cetyl Alcohol,Ceteareth-20,Sodium Methyl Cocoyl Taurate,Rubus Fruticosus (Blackberry) Fruit,Cocos Nucifera (Coconut) Fruit Juice,Coco-Betaine,Cocamidopropyl Betaine,Peg-50 Shea Butter,Xanthan Gum,Caprylyl Glycol,Euterpe Oleracea Fruit Extract,Lycium Barbarum Fruit Extract,Coffea Arabica (Coffee) Seed Extract,Morinda Citrifolia Fruit Extract,Punica Granatum Juice Extract,Garcinia Mangostana Fruit Extract,Camellia Sinensis Leaf Extract,Fragrance,Sodium Chloride,Sodium Hydroxide,Disodium Edta,Citric Acid,Phenoxyethanol,Chlorphenesin,Benzoic Acid,Sorbic Acid,Red 33. R05-16
Kose Sftymo,speedy cleansing oil,Oil,PEG-8 glyceryl isostearate,cetyl exthylhexanoate,cyclomethicone,water,olea europaea (olive) fruit oil,sesamum indicum (sesame) seed oil,carthamus tinctorius (safflower) seed oil,butyrospermum parkii (shea) butter,tocopherol,helianthus annuus (sunflower) seed oil,simmondsia chinensis (jojoba) seed oil,glycerin,propylene glycol dicaprate,zea mays (corn) germ oil,phenoxyethanol
Clinique,Take The Day Off Cleansing Oil,Ethylhexanoate,Triethylhexanoin,PEG-20 Glyceryl Triisostearate,Polybutene,PEG-8 Diisostearate,PEG-12 Diisostearate,PPG-15 Stearyl Ether,Water,Tocopheryl Acetate,Glycerin,Anthemis Nobilis (Chamomile),Caprylyl Glycol,Glyceryl Laurate,BHT
Clinique,Take The Day Off Cleansing Balm,Ethylhexyl Palmitate,Carthamus Tinctorius (Safflower) Seed Oil,Capylic / Capric Triglyceride,Sorbeth-30 Tetraoleate,Polyethylene,Peg-5 Glyceryl Triisostearate,Water / Aqua / Eau,Tocopherol,Phenoxyethanol
La Roche-Posay,Toleriane Gentle Hydrating Cleanser,AQUA / WATER / EAU (LA ROCHE-POSAY PREBIOTIC THERMAL WATER),GLYCERIN,PENTAERYTHRITYL TETRAETHYLHEXANOATE,PROPYLENE GLYCOL,AMMONIUM POLYACRYLOYLDIMETHYL TAURATE,POLYSORBATE 60,CERAMIDE NP,NIACINAMIDE,SODIUM CHLORIDE,COCO-BETAINE,DISODIUM EDTA,CAPRYLYL GLYCOL,PANTHENOL,T-BUTYL ALCOHOL,TOCOPHEROL
CeraVe,Hydrating Facial Cleanser,Purified Water,Glycerin,Behentrimonium Methosulfate and Cetearyl Alcohol,Ceramide 3,Ceramide 6-11,Ceramide 1,Hyaluronic Acid,Cholesterol,Polyoxyl 40 Stearate,Glyceryl Monostearate,Stearyl Alcohol,Polysorbate 20,Potassium Phosphate,Dipotassium Phosphate,Sodium Lauroyl Lactylate,Cetyl Alcohol,Disodium EDTA,Phytosphingosine,Methylparaben,Propylparaben,Carbomer,Xanthan Gum
The Body Shop,Camomile Sumptuous Cleansing Butter,Ethylhexyl Palmitate (Skin Conditioning Agent),Synthetic Wax (Binder / Emollient),PEG-20 Glyceryl Triisostearate (Skin Conditioning Agent),Olea Europaea Fruit Oil / Olea Europaea (Olive) Fruit Oil (Emollient),Butyrospermum Parkii Butter / Butyrospermum Parkii (Shea) Butter (Skin Conditioning Agent - Emollient),Caprylyl Glycol (Skin Conditioning Agent),Tocopherol (Antioxidant),Parfum / Fragrance (Fragrance),Aqua / Water (Solvent / Diluent),Linalool (Fragrance Ingredient),Limonene (Fragrance),Helianthus Annuus Seed Oil / Helianthus Annuus (Sunflower) Seed Oil (Emollient),Anthemis Nobilis Flower Extract (Natural Additive),Citric Acid (pH Adjuster)
Garnier,SkinActive Micellar Makeup Removing Towelettes,Aqua / Water,Hexylene Glycol,Glycerin,Citric Acid,Dimethicone,Disodium Cocoamphodiacetate,Disodium Edta,Myrtrimonium Bromide,Panthenol,Poloxamer 184,Polyaminopropyl Biguanide,Polysorbate 65,Simethicone,Sodium Benzoate. F.I.L.# B171983 / 1
Simple,Cleansing facial wipes,Water (Aqua),Cetearyl Isononanoate,Panthenol,Glycerin,Glyceryl Stearate,Cetearyl Alcohol,Ceteareth-20,Ceteareth-12,Sodium Citrate,2-Bromo-2-Nitropropane-1,3-Diol,Disodium EDTA,Phenoxyethanol,Methylparaben,Propylparaben
Etude House,Sunprise Mild Airy Finish,Cyclopentasiloxane,Zinc Oxide,Alcohol,Dicaprylyl Ether,Dipropylene Glycol,Titanium Dioxide,Aloe Barbadensis Leaf Juice,Viscum Album (Mistletoe) Leaf Extract,Portulaca Oleracea Extract,Centella Asiatica Extract,Opuntia Ficus-Indica Extract,Carex Humillis Root Extract,Citrus Aurantium Bergamia (Bergamot) Fruit Oil,Citrus Limon (Lemon) Peel Oil,Eucalyptus Globulus Leaf Oil,Pinus Sylvestris Leaf Oil,Citrus Aurantifolia (Lime) Oil,Citrus Aurantium Dulcis (Orange) Peel Oil,Euterpe Oleracea Fruit Extract,Malpighia Emarginata (Acerola) Fruit Extract,Terminalia Ferdinandiana Fruit Extract,Echium Plantagineum Seed Oil,Adansonia Digitata Seed Oil,Hyaluronic Acid,Helianthus Annuus (Sunflower) Seed Oil,Cardiospermum Halicacabum Flower / Leaf / Vine Extract,Helianthus Annuus (Sunflower) Seed Oil Unsaponifiables,Vinyl Dimethicone / Methicone Silsesquioxane Crosspolymer,Peg-10 Dimethicone,Cyclomethicone,Magnesium Sulfate,Polymethylsilsesquioxane,Methicone,1 2-hexanediol,Aluminum Hydroxide,Methyl Methacrylate Crosspolymer,Caprylyl Glycol,Octyldodecanol,Dimethicone,Stearic Acid,Glyceryl Caprylate,Polyglyceryl-6 Polyricinoleate,Dimethicone / Vinyl Dimethicone Crosspolymer,Microcrystalline Cellulose,Butylene Glycol,Triethoxycaprylylsilane,Cellulose Gum
Cotz,Sensitive SPF 40,Zinc Oxide 20%,C12-15 Alkyl Benzoate,Caprylhydroxamic Acid,Caprylyl Glycol,Cetyl PEG / PPG 10 / 1 Dimethicone,Cyclohexasiloxane,Cyclopentasiloxane,Dimethicone,Dimethicone Crosspolymer,Dimethicone / Vinyl Dimethicone Crosspolymer,Dimethiconol,Disodium EDTA,Glycerin,Methicone,Microcrystalline Wax,PEG-10 Dimethicome,PEG-30 Dipolyhydroxystearate,Polyglyceryl-4 Isostearate,Polyhydroxystearic Acid
Alba Botanica,Very Emollient Fragrance-Free Mineral Sunscreen SPF 30,Zinc Oxide 14.5%,Titanium Dioxide 2%,Aqua (Water),aloe barbadensis leaf juice,caprylic / capric triglyceride,dimethicone,ethylhexyl,palmitate,sorbitan sesquioleate,glycerin,butyrospermum parkii (shea butter),helianthus annuus (sunflower) seed oil,simmondsia chinensis (jojoba) seed oil,polyglyceryl-3 ricinoleate,vitis vinifera (grape) seed oil,calendula officinalis flower extract,chamomilla recutita (matricaria) flower extract,magnesium sulfate,silica,sodium chloride,tocopheryl acetate,benzyl alcohol,phenoxyethanol,polyhydroxystearic acid
Farmacy,Green Screen,Water,Ethyl Macadamiate,Cyclopentasiloxane,Ethylhexyl Palmitate,Propanediol,C12-15 Alkyl Benzoate,Polysorbate 80,Glyceryl Stearate,Peg-100 Stearate,Echinacea Purpurea Root Extract,Aronia Melanocarpa Fruit Extract,Hydrolyzed Verbascum Thapsus Flower,Tagetes Erecta Flower Extract,Alteromonas Ferment Extract,7-Dehydrocholesterol,Zea Mays (Corn) Oil,Helianthus Annuus (Sunflower) Seed Oil,Carthamus Tinctorius (Safflower) Seed Oil,Malic Acid,Tocopherol,Myristic Acid,Cetyl Alcohol,Glycerin,Hydrogenated Lecithin,Panthenol,Stearic Acid,Polyglyceryl-6 Isostearate,Microcrystalline Cellulose,Alumina,Behenic Acid,Stearyl Alcohol,Caprylyl,Methicone,Dimethicone,Cyclohexasiloxane,Isohexadecane,Triethoxysilylethyl,Polydimethylsiloxyethyl Hexyl Dimethicone,Lauryl Peg-9 Polydimethylsiloxyethyl,Dimethicone,1 2-hexanediol,Behenyl Alcohol,Triethoxycaprylylsilane,Polyhydroxystearic Acid,Sodium Acrylate / Sodium Acryloyldimethyl Taurate Copolymer,Cellulose Gum,Sorbitan Oleate,Butylene Glycol,Phenoxyethanol,Caprylyl Glycol,Ethylhexylglycerin,Sodium Benzoate,Potassium Sorbate,Sodium Citrate,Citric Acid,Sodium Phytate
Rhoto Skin,Aqua UV Super Moisture Gel SPF 50+ PA++++,Water,Alcohol,Ethylhexyl Methoxycinnamate (Octinoxate),Dipropylene Glycol,sodium hyaluronate,Sodium Acetylated Hyaluronate,Hydrolyzed Collagen,Arginine,Diethylamino Hydroxybenzoyl Hexyl Benzoate (Uvinul A Plus),Glycol Dimethacrylate Crosspolymer,Butylene Glycol,BisEthylhexyloxyphenol Methoxyphenyl Triazine (Tinosorb S),Ethylhexyl Triazone (Uvinul T 150),Acrylates / C10-30 Alkyl Acrylate Crosspolymer,Triethanolamine,bis-PEG-18 Methyl Ether Dimethyl Silane,Polystyrene,Disodium EDTA,Xanthan Gum,Polyvinyl Alcohol,Methylparaben
Biore,NobiNobi / Carefree Kids Milk SPF 50+,methoxycinnamate(Octinoxate),alkyl benzoate,glycerin,propanediol,cyclopentasiloxane,bi-sethylhexyloxyphenol methoxyphenyl triazine(Tinosorb S),glyceryl behenate,diethylamino hydroxybenzoyl hexyl benzoate(Uvinul A Plus),dimethicone,cetanol,sorbitan monostearate,acrylamide / sodium acryloyldimethyltaurate / acrylic acid copolymer,stearoyl glutamic acid,paraffin,ethylhexyl triazone(Uvinul T 150),ceresin,isohexadecane,arginine,lauryl methacrylate / sodium methacrylate crosspolymer,polysorbate 80,peg12dimethicone,dextrin palmitate,agar,petrolatum,succinic acid,sodium dehydroacetate,methylparaben,phenoxyethanol,edta-2na,bht
Make P:rem,Blue Ray Sun Gel SPF 50+ PA++++,Octinoxate,Homosalate,Octisalate,Uvinul A Plus,Propanediol,Niacinamide,Dimethicone Crosspolymer,Pentylene Glycol,Salvia Hispanica Seed Extract,Centella Asiatica Extract,Houttuynia Cordata Extract,Ammonium Acryloyldimethyltaurate / VP Copolymer,Fragrance,Glyceryl Caprylate,Fructooligosaccharides,Saccharide Hydrolysate,Ethylhexylglycerin,Acrylates / C10-30 Alkyl Acrylate Crosspolymer,Tromethamine,Pullulan,Adenosine,1 2-hexanediol,Betula Alba Juice,Dipropylene Glycol,Butylene Glycol,Xylitylglucoside,Sodium Palmitoyl Proline,Rubus Arcticus Callus Extract,Anhydroxylitol,Xylitol,Nymphaea Alba Flower Extract,Glycerin,Chamaecyparis Obtusa Leaf Extract,Glucose,Polyglyceryl-10 Oleate,Alcohol,Lecithin,Sodium Dilauramidoglutamide Lysine,Thermus Thermophillus Ferment,Phytosterols,Hydrogenated Lecithin,Lysolecithin,Sodium Ascorbyl Phosphate,Ascophyllum Nodosum Extract,sodium hyaluronate,Leuconostoc / Radish Root Ferment Filtrate,Potassium Sorbate,Disodium EDTA,Citric Acid
Nivea,sun protect water gel SPF50 / PA+++,ethylhexyl methoxycinnamate (aka octinoxate),ethanol,Propylene Glycol,dimethicone,ethylhexyl triazone (aka Uvinul T 150),diethylamino hydroxybenzoyl hexyl benzoate (aka Uvinul A Plus),sodium hyaluronate,phellodendron amurense bark extract,quince seed extract,tocopheryl acetate,acrylates / acrylic acid (C10-30) Crosspolymer,carbomer,ceteth-10,sodium hydroxide,BHT,methylparaben
Nuxe,Sun High Protection Delicious Cream for Face 30 SPF,AQUA / WATER,C12-15 ALKYL BENZOATE,DIETHYLAMINO HYDROXYBENZOYL HEXYL BENZOATE,ETHYLHEXYL METHOXYCINNAMATE,DIBUTYL ADIPATE,GLYCERIN,BIS-ETHYLHEXYLOXYPHENOL METHOXYPHENYL TRIAZINE,ETHYLHEXYL TRIAZONE,CETEARYL ALCOHOL,GLYCOL PALMITATE,ORYZA SATIVA (RICE) HULL POWDER,FRAGRANCE,DIMETHICONE,C20-22 ALKYL PHOSPHATE,POLYACRYLATE CROSSPOLYMER-6,BENZYL ALCOHOL,COCO-GLUCOSIDE,C20-22 ALCOHOLS,CAPRYLOYL GLYCINE,TOCOPHEROL,CITRIC ACID,SODIUM HYDROXIDE,TOCOPHERYL ACETATE,EICHHORNIA CRASSIPES EXTRACT,DIMETHICONOL,TETRASODIUM EDTA,HELIANTHUS ANNUUS (SUNFLOWER) SEED OIL,DEHYDROACETIC ACID,INOSITOL,ETHYL FERULATE,POLYGLYCERYL-5 TRIOLEATE,SOLANUM LYCOPERSICUM (TOMATO) FRUIT EXTRACT,FAGRAEA BERTEROANA FLOWER EXTRACT,ROSMARINUS OFFICINALIS (ROSEMARY) LEAF EXTRACT,DISODIUM URIDINE PHOSPHATE,BENZYL SALICYLATE,LIMONENE,LINALOOL,GERANIOL,CITRONELLOL [N2603 / D]
MD,UV Shield SPF 45,Zinc oxide 9.0%,Octinoxate 7.5%,Purified Water,Isopropyl Palmitate,Octyl Stearate,Cetearyl Alcohol,Polysorbate 60,Oleth-3 Phosphate,Phenoxyethanol,Cetearyl Glucoside,Hydroxyethyl Acrylate / Sodium Acryloyldimethyl Taurate Copolymer,Polyisobutene,Polyether-1,Butylene Glycol,PEG-7 Trimethylolpropane Coconut Ether,Tocopheryl Acetate,Citric Acid,Iodopropynyl Butylcarbamate,Triethoxycaprylylsilane
Neova,DNA Damage Control Everyday SPF 44,Zinc Oxide 8.5%,Octinoxate 6.5%,Octisalate 2.5%,Water,Isopropyl Palmitate,Octyl Stearate,Ethyl Hexyl Isononanoate,Cyclopentasiloxane,Cetearyl Glucoside,Micrococcus Lysate,Plankton Extract,L-ergothioneine,Dimethicone,Glycereth-26,sodium hyaluronate,Panthenol,Allantoin,Tocopheryl Acetate,Ascorbyl Palmitate,Oleth-3 Phosphate,Hydroxyethyl Acrylate / Sodium Acryloyldimethyl Taurate Copolymer,Polyisobutene,PEG-7 Trimethylolpropane Coconut Ether,Lecithin,Polyether-1,Phenoxyethanol,Butylene Glycol,Citric Acid,Iodopropynyl Butylcarbamate,Triethoxycaprylylsilane
Nivea,Sun Protection Plus UV Milky Essence SPF 50+ PA++++,Water,Ethylhexyl methoxycinnamate,Alcohol,Zinc Oxide,Isotridecyl isononanoate,Dimethicone,Bis-ethylhexyloxyphenol methoxyphenyl triazine,Neopentyl glycol dicaprate,Methyl methacrylate crosspolymer,Diethylamino Hydroxybenzoyl Hexyl Benzoate,Ethylhexyl Triazone,Butylene Glycol,Hydrated silica,C13-14 Isoparaffin,Methicone,C12-13 Alkyl Glyceryl Hydrolyzed Hyaluronate,Phellodendron Amurense Bark Extract,Polyglyceryl-2 triisostearate,PEG-40 Hydrogenated Castor Oil,Polyhydroxystearic acid,Polyacrylamide,Xanthan Gum,Laureth-7,Tocopheryl Acetate,BHT,Phenoxyethanol,Methylparaben
